set,proximity,windows,flag_fixed42,flag_context90,median_score,median_context,auc_fixed,auc_context,tpr_fixed42,fpr_fixed42,tpr_context90,fpr_context90
UAH motorway,metres,3321,0.39355615778380004,0.09635651912074676,37.546493877290715,49.08175355450237,0.7923633485044236,0.7183667579791179,0.7475049900199601,0.25783348254252464,0.22654690618762474,0.022381378692927483
UAH motorway,headway,3321,0.5284552845528455,0.08160192713038242,43.70654913216811,44.95124772764832,0.7461772962579765,0.6790706858440684,0.8093812375249501,0.450313339301701,0.18263473053892215,0.024171888988361683
UAH motorway,mix,3321,0.47305028605841615,0.09274314965371876,40.73730412526287,46.32281832834446,0.7680681609029032,0.6968801876998019,0.7854291417165669,0.38137869292748433,0.21656686626746507,0.025067144136078783
planted SUMO highway (test seeds),metres,156006,0.4284835198646206,0.057869569119136446,37.78377224460034,42.62105437117832,0.7489426028813987,0.768958693236625,0.8310998389142132,0.3791972578972981,0.2375501250985365,0.020576349364196094
planted SUMO highway (test seeds),headway,156006,0.3458649026319501,0.043908567619194136,34.128036755187075,42.26977638855494,0.7957046419172427,0.7727907710431134,0.7379785447441478,0.33577005268391763,0.212667512081434,0.006188773459154095
planted SUMO highway (test seeds),mix,156006,0.4381113546914862,0.04888273527941233,39.89259529954905,43.979830997246914,0.8660406509331463,0.778788657321761,0.8669842684306132,0.44242853817997163,0.23151797648832984,0.008600808243234665
planted highway_low,metres,12129,0.1868249649600132,0.005853738972710034,33.46192040065792,21.038209773177044,0.8842001531693215,0.63579115215731,0.7056256062075654,0.10601952277657267,0.014064015518913677,0.004473969631236443
planted highway_low,headway,12129,0.30571357902547613,0.007337785472833704,35.75303016189832,18.825696523140685,0.8395567794256571,0.6221338611503269,0.7904946653734238,0.27155639913232105,0.01988360814742968,0.006100867678958785
planted highway_low,mix,12129,0.2471761892983758,0.004946821667078902,35.00118135682744,18.962080036933667,0.8729252184451209,0.6290827948036045,0.7706110572259942,0.1845173535791757,0.013094083414161009,0.0035249457700650758
planted highway_medium,metres,28059,0.22741366406500588,0.023842617342029294,32.60393405521654,23.93133695674984,0.8516786264511694,0.7310286701557758,0.7573029211684674,0.13270114265520086,0.09863945578231292,0.009306160914124161
planted highway_medium,headway,28059,0.39131829359563775,0.02209629708827827,36.799680915109406,26.79857064901688,0.8309754694668537,0.7040459545816206,0.8229291716686674,0.39203675344563554,0.0936374549819928,0.00759806808811403
planted highway_medium,mix,28059,0.32121600912363235,0.020314337645675185,35.97945076495882,25.295878425051807,0.8690560686519867,0.718835219327453,0.82953181272509,0.2785958298975144,0.09183673469387756,0.005536576746377665
planted jam_jam,metres,79499,0.6040201763544195,0.0878501616372533,52.511082453136495,59.990382303438324,0.7348638031665692,0.8265856645641002,0.8998094737533671,0.5898885678910442,0.35542999802903885,0.030520016508460587
planted jam_jam,headway,79499,0.3352117636699833,0.06510773720424157,32.652605120674885,53.818369453044376,0.7623769054217647,0.8294781178706363,0.6710465803823664,0.33122162608336775,0.31758754352539253,0.006624019810152704
planted jam_jam,mix,79499,0.5672398394948364,0.0749317601479264,43.581102924710706,58.039993389522394,0.8823356936513006,0.8448073178705388,0.9161027527757704,0.6239991745769707,0.3514223769791735,0.012113082955014445
planted merge_medium,metres,36319,0.2802940609598282,0.03590407224868526,29.360853038698924,30.817220294166255,0.8059095727105479,0.8216208336414518,0.7704466357308585,0.19450073691967576,0.14486658932714616,0.012665806927044953
planted merge_medium,headway,36319,0.34747652743742946,0.026570114815936564,33.545019077626556,35.049095607235145,0.8488758381713278,0.8237303944475838,0.8084396751740139,0.323738025055269,0.125,0.0041451731761238024
planted merge_medium,mix,36319,0.3095349541562268,0.028607615848453977,33.16697612211495,33.24659517763834,0.8594936968575762,0.8268687481780046,0.814530162412993,0.2529016212232867,0.1334106728538283,0.0048820928518791456
NGSIM US-101 (unlabelled),metres,5382,0.6179858788554441,0.12504645113340765,48.355201089884034,58.37592899256806,,,,,,
NGSIM US-101 (unlabelled),headway,5382,0.3788554440728354,0.11426978818283166,36.03330991921041,57.16190033295797,,,,,,
NGSIM US-101 (unlabelled),mix,5382,0.5083612040133779,0.11947231512448904,42.295726023308916,57.94474444204447,,,,,,
