Waviness,AI_Score,Category
0.0,41.73731614773059,Normal
0.0,17.782378904287253,Conservative
0.0,11.98650868920821,Conservative
0.0,14.976723130010802,Conservative
0.0,12.08733851126198,Conservative
0.0,15.18891546523064,Conservative
0.0,15.567355952685707,Conservative
0.0,14.537310620680968,Conservative
0.0,13.423346628349938,Conservative
0.0,15.520019766721383,Conservative
0.0,11.884575720622284,Conservative
0.24834930431895863,21.350409049968803,Conservative
0.0,13.205376571344035,Conservative
0.0,15.164800548236453,Conservative
0.0,15.542445753772737,Conservative
0.0,41.705477957458164,Normal
0.0,17.715279064295757,Conservative
0.0,10.89493616314116,Conservative
0.0,13.463169906231071,Conservative
0.0,10.736406399318824,Conservative
0.2582490210355992,20.55072549834691,Conservative
0.0,14.49741863070476,Conservative
0.0,13.936212984856391,Conservative
0.0,12.759282612015923,Conservative
0.0,15.374270158329772,Conservative
0.3201951941890968,19.208659456752574,Conservative
1.1872880891186313,44.88856008789697,Normal
0.0,12.735761059164572,Conservative
0.0,15.066564850485017,Conservative
0.0,15.40923365655556,Conservative
0.0,42.189669670529,Normal
0.0,17.549452189734648,Conservative
0.0,10.007843336944457,Conservative
0.0,12.032560682451331,Conservative
0.0,9.518973528126493,Conservative
1.2049649068815498,44.35459592640589,Normal
0.0,13.63397549752727,Conservative
0.0,13.456244545106145,Conservative
0.5889393516068981,27.849891775735756,Conservative
0.0,15.247748351171433,Conservative
0.2977082219457934,17.617563626526653,Conservative
1.959852550176178,51.81027182133704,Normal
0.0,12.361436641671485,Conservative
0.0,14.980587932100518,Conservative
0.0,15.291718428858275,Conservative
0.9723876075798135,69.18534015575514,Normal
0.0,17.096802163166767,Conservative
0.0,9.250214463042012,Conservative
0.0,10.684895458671594,Conservative
0.0,8.542578705820105,Conservative
1.9486069652718108,50.89113868616625,Normal
0.0,12.88299159525553,Conservative
0.2682470063135196,20.2215877889226,Conservative
1.538843834207599,51.55083625642701,Normal
0.0,15.137633705860793,Conservative
0.22516966323896348,14.89828440796987,Conservative
1.3206122629414772,46.73765817303788,Normal
0.0,12.060662115663535,Conservative
0.0,14.905213261250905,Conservative
0.0,15.187853982940947,Conservative
1.8664410571757353,84.48076183578749,Aggressive
0.0,16.66137056953997,Conservative
0.0,8.578371306530116,Conservative
0.0,9.42017423489186,Conservative
0.0,7.833711953570337,Conservative
1.3154432552567403,46.04468121922001,Normal
0.0,12.245521097613238,Conservative
1.221792120201787,45.31415182766768,Normal
1.685685002464675,51.1955620340303,Normal
0.0,15.04158414635634,Conservative
0.15885546122056127,12.58828446710481,Conservative
0.8709630475390249,34.53250037053813,Conservative
0.0,11.817833628046824,Conservative
0.0,14.839036207494754,Conservative
0.0,15.095901390634678,Conservative
1.4563210718494215,85.05926677298599,Aggressive
0.0,16.25409625079156,Conservative
0.0,7.960716975947318,Conservative
0.0,8.23839701111212,Conservative
0.0,7.598955579200739,Conservative
0.867584608907956,34.15558544253234,Conservative
0.0,11.728649508710982,Conservative
1.9231763629718666,52.43295795666461,Normal
1.1215574117308975,41.126892742584005,Normal
0.0,14.933569086534625,Conservative
0.10879194309605111,11.398178977939835,Conservative
0.5676853711424652,26.27333171631004,Conservative
0.0,11.609660240849408,Conservative
0.0,14.75789824936272,Conservative
0.0,14.992684106305992,Conservative
0.9723531936411636,73.85955443179834,Aggressive
0.0,15.861077661924728,Conservative
0.0,7.379498225893699,Conservative
0.0,7.13956378733238,Conservative
0.0,7.830961560122487,Conservative
0.5645743250607342,26.10562952924626,Conservative
0.0,11.578282947995282,Conservative
1.2809687942378765,46.731310989327525,Normal
0.7332010039309953,30.769274577391858,Conservative
0.0,14.796237625514719,Conservative
0.07316996151274324,10.570078896046262,Conservative
0.36765762907842436,20.788207960696873,Conservative
0.0,11.419909244767776,Conservative
0.0,14.645425105870876,Conservative
0.0,14.862511735317046,Conservative
0.6398105637893634,66.45365512332474,Normal
0.0,15.495612516116022,Conservative
0.0,6.827921256122221,Conservative
0.0,6.167200645405263,Conservative
0.0,8.044722906238768,Conservative
0.3645364422784052,20.784724771585513,Conservative
0.0,11.56573335990943,Conservative
0.8324431268920034,34.87766059748809,Conservative
0.47453761725326515,23.853274763239323,Conservative
0.0,14.646145935557877,Conservative
0.048708168698347265,10.020125662137492,Conservative
0.237338701302221,17.18038485470623,Conservative
0.0,11.249844540734982,Conservative
0.0,14.517554702515916,Conservative
0.0,14.719963766585535,Conservative
0.4170212452420019,61.71869079023398,Normal
0.0,15.164127563929691,Conservative
0.0,6.317181927474973,Conservative
0.0,5.562029870032894,Conservative
0.0,8.242108295835651,Conservative
0.23430925367340905,17.313687003617748,Conservative
0.0,11.543035581320993,Conservative
0.5328500835092932,26.970747901875253,Conservative
0.30538513615633,19.31318701606446,Conservative
0.0,14.494477339731326,Conservative
0.032228429428455385,9.666912199363557,Conservative
0.15298378007370417,14.815343175494796,Conservative
0.0,11.09952658491853,Conservative
0.0,14.385303700484881,Conservative
0.0,14.575014164701244,Conservative
0.2702169972019961,58.86260183375752,Normal
0.0,14.868669721061883,Conservative
0.0,5.870949614178264,Conservative
0.0,5.200998085836483,Conservative
0.0,8.423985971492973,Conservative
0.15021193788815346,15.064871434862914,Conservative
0.0,11.51437398667103,Conservative
0.337842479195632,21.833922576391217,Conservative
0.19590961954462216,16.357775531878456,Conservative
0.0,14.348194530770883,Conservative
0.021245773520886857,9.447099258147187,Conservative
0.09855816986949328,13.26440800249982,Conservative
0.0,10.968217093954449,Conservative
0.0,14.255739706112266,Conservative
0.0,14.434018982360126,Conservative
0.1743636120196035,57.24286702300871,Normal
0.0,14.6086260541719,Conservative
0.0,5.493391759278119,Conservative
0.0,4.987900648473626,Conservative
0.0,8.591290052060662,Conservative
0.09615797009598026,13.61210299349825,Conservative
0.0,11.482642066584171,Conservative
0.2128917841227211,18.551055186484362,Conservative
0.12547108389361306,14.439784670669203,Conservative
0.0,14.211238148300875,Conservative
0.013973035242910825,9.315510960465932,Conservative
0.06349352137747566,12.244639643045879,Conservative
0.0,10.854706443514456,Conservative
0.0,14.133045484376378,Conservative
0.0,14.300715831075872,Conservative
0.11216500708698973,56.41703579598535,Normal
0.0,14.381907755006996,Conservative
0.0,5.17995694904521,Conservative
0.0,4.871881246814791,Conservative
0.0,8.744971263817082,Conservative
0.06150780038417203,12.673650404227319,Conservative
0.0,11.449769992829982,Conservative
0.13361749084135982,16.475524462138544,Conservative
0.08029613568327676,13.194136671386897,Conservative
0.0,14.085519928158988,Conservative
0.00917565858578584,9.24128769281649,Conservative
0.040912860705489607,11.571457353221296,Conservative
0.0,10.757549300777,Conservative
0.0,14.019426419971506,Conservative
0.0,14.177052665107087,Conservative
0.0719823046578485,56.089404371007866,Normal
0.0,14.184351792196578,Conservative
0.0,4.923491662635729,Conservative
0.0,4.823298904922223,Conservative
0.0,8.88596820510153,Conservative
0.578593989622946,26.445294423946013,Conservative
0.0,11.416997205355456,Conservative
0.08364069717898553,15.173203068126245,Conservative
0.0513727346235715,12.382022816638772,Conservative
0.0,13.971658669616065,Conservative
0.006018883214094828,9.203860440904716,Conservative
0.026370765443788358,11.125079708125387,Conservative
0.0,10.675221216364253,Conservative
0.0,13.915797978179178,Conservative
0.0,14.063808951729975,Conservative
0.2537689313196796,61.67130121615335,Normal
0.0,14.00357414233888,Conservative
0.0,4.790691676188023,Conservative
0.0,4.8235780131360375,Conservative
0.0,9.015191254069133,Conservative
1.5451854747613885,50.98774740361338,Normal
0.0,11.385082583814215,Conservative
0.05226417739218124,14.360795827605502,Conservative
0.032868961566510535,11.848926701087665,Conservative
0.0,13.869490716422236,Conservative
0.003945027656707012,9.189734642876237,Conservative
0.01700281599286413,10.82789175984401,Conservative
0.0,10.606215855485342,Conservative
0.0,13.82227195784421,Conservative
0.0,13.961033848566796,Conservative
1.2447535447759388,88.97250539208771,Aggressive
0.0,13.848653141996028,Conservative
0.0,4.8593303875622516,Conservative
0.0,4.86038652953997,Conservative
0.0,9.133513892684512,Conservative
1.6745814599236288,51.01073395441795,Normal
0.0,11.354459005037338,Conservative
0.032619167816556764,13.85658885741838,Conservative
0.021034157264658404,11.495467818263686,Conservative
0.0,13.778408692199958,Conservative
0.002584138227538446,9.190161433015435,Conservative
0.010965743615530599,10.62955453628346,Conservative
0.0,10.549101015054092,Conservative
0.0,13.738485331805519,Conservative
0.0,13.868343003067851,Conservative
1.9041073869334448,96.5468702245249,Aggressive
0.0,13.724478848201738,Conservative
0.0,5.136205652008754,Conservative
0.0,4.925132925683277,Conservative
0.0,9.24176822061212,Conservative
1.110468836486211,40.74272510901788,Normal
0.0,11.325343456825689,Conservative
0.02034177854290259,13.54528607045435,Conservative
0.013464370771181677,11.257922460450608,Conservative
0.0,13.697578766215756,Conservative
0.0016918467364046563,9.199528083800388,Conservative
0.007073744208746291,10.497331953941694,Conservative
0.0,10.502547523957352,Conservative
0.0,13.663815399213,Conservative
0.0,13.78511354669574,Conservative
1.2730666539712192,91.1746104883664,Aggressive
0.0,13.719432944854681,Conservative
0.0,5.6256227009593145,Conservative
0.0,5.011576340994208,Conservative
0.0,9.340742782634832,Conservative
0.7239154526784768,30.544166197515082,Conservative
0.0,11.29781371232487,Conservative
0.012678323265951062,13.354251861391267,Conservative
0.008621527233721338,11.095480442334575,Conservative
0.0,13.626075747072624,Conservative
0.0011071767194614779,9.214272935385964,Conservative
0.0045637962315812075,10.409846174113717,Conservative
0.0,10.465341068066122,Conservative
0.0,13.597516607866082,Conservative
0.0,13.71060882901402,Conservative
0.8350108808485605,80.06194647089636,Aggressive
0.0,13.75464807403573,Conservative
0.0,6.329484597832027,Conservative
0.0,5.115013277464002,Conservative
0.0,9.431181678097015,Conservative
0.4669822032749167,23.792229106483937,Conservative
0.0,11.271860758464197,Conservative
0.00789886671745144,13.237947270649236,Conservative
0.00552233613620956,10.982005527519508,Conservative
0.0,13.562964205009681,Conservative
0.0007242759942283072,9.23216453265292,Conservative
0.002944694055639019,10.353056973630872,Conservative
0.0,10.436383725801246,Conservative
0.0,13.538805030565404,Conservative
0.0,13.644056002454896,Conservative
0.5414671086601782,72.7289796524408,Aggressive
0.0,13.779329404495497,Conservative
0.0,7.247419747930431,Conservative
0.0,5.231781467951501,Conservative
0.0,9.513784416872294,Conservative
0.29922545837213743,19.408768612395775,Conservative
0.0,11.247424067420898,Conservative
0.0049197956153235346,13.167920240049401,Conservative
0.0035383299530309387,10.900742707083882,Conservative
0.0,13.507344917235784,Conservative
0.000473626912528502,9.251827230600558,Conservative
0.0019000456218201123,10.317674677738294,Conservative
0.0,10.41468963481255,Conservative
0.0,13.486908617161422,Conservative
0.0,13.584692605512588,Conservative
0.3486563142699328,68.03044669281543,Normal
0.0,13.7949448806665,Conservative
0.0,8.376947051392033,Conservative
0.0,5.358947008060547,Conservative
0.0,9.589206259229782,Conservative
0.19088726127338784,16.60085298671486,Conservative
0.0,11.224414933871504,Conservative
0.003063670303746201,13.126441736863011,Conservative
0.0022677920532814255,10.840930594091217,Conservative
0.0,13.458379458340636,Conservative
0.00030961598218226527,9.272431150444168,Conservative
0.0012259504979823532,10.297494596045864,Conservative
0.0,10.399377585501208,Conservative
0.0,13.441095469478318,Conservative
0.0,13.531793104514259,Conservative
0.22350531427836184,65.09693219699537,Normal
0.0,13.802761796473364,Conservative
0.0,9.713670609512523,Conservative
0.0,5.494101738325304,Conservative
0.0,9.658058915745295,Conservative
0.12140883027660099,14.82097709493797,Conservative
0.0,11.202731619191095,Conservative
0.0019075350252995692,13.102489732932266,Conservative
0.0014538786079150157,10.79563720305068,Conservative
0.0,13.415301294553217,Conservative
0.0002023353477440537,9.293490736583715,Conservative
0.0007909419674554385,10.288323357172729,Conservative
0.0,10.389662259829139,Conservative
0.0,13.400688249949816,Conservative
0.0,13.484682693199906,Conservative
0.1428622923831848,63.318429157677095,Normal
0.0,13.803878034038764,Conservative
0.0,11.251494060750378,Conservative
0.0,5.6352291889911355,Conservative
0.0,9.720911546418973,Conservative
0.0770562752310342,13.70365228890152,Conservative
0.0,11.182268933650578,Conservative
0.0011875566815293332,13.089227220786778,Conservative
0.000932315396097394,10.760378448486724,Conservative
0.0,13.377418755001688,Conservative
0.00013218622690480686,9.314734635288072,Conservative
0.0005102223012709572,10.28728556337017,Conservative
0.0,10.384845137333643,Conservative
0.0,13.365070019549542,Conservative
0.0,13.442743146104386,Conservative
0.09113863078743448,62.28403548363022,Normal
0.0,13.799247374763107,Conservative
0.0,12.98284533987871,Conservative
0.0,5.78061432094369,Conservative
0.0,9.778292021477508,Conservative
0.048831791017891035,13.009657555679086,Conservative
0.0,11.16292408358444,Conservative
0.0007392623624334388,13.082423699659484,Conservative
0.0005979941730718252,10.732236472915076,Conservative
0.0,13.344113292911599,Conservative
8.63316327883723e-05,9.336022192895763,Conservative
0.00032907907508139544,10.292375050748566,Conservative
0.0,10.38430564897976,Conservative
0.0,13.333684923586652,Conservative
0.0,13.405413843071374,Conservative
0.05806358664900396,61.72335339880248,Normal
0.0,13.78970019072524,Conservative
0.0,14.898904177204308,Conservative
0.0,5.928781829791162,Conservative
0.0,9.830688411066141,Conservative
0.030910186151110075,12.584327228654669,Conservative
0.0,11.144600040235806,Conservative
0.0004601645692329132,13.07946946824854,Conservative
0.0003836367655765116,10.709296880927797,Conservative
0.0,13.314835178222124,Conservative
5.636703964562173e-05,9.357290301033393,Conservative
0.00021220340711103347,10.302163673851576,Conservative
0.0,10.387492885244184,Conservative
0.0,13.306035908815714,Conservative
0.0,13.372189970603015,Conservative
0.036956364132261305,61.46100438958072,Normal
0.0,13.775960534216189,Conservative
0.0,16.98982628273851,Conservative
0.0,6.078453354783904,Conservative
0.0,9.878550668780512,Conservative
0.019548730309908002,12.32847392529516,Conservative
0.0,11.127207288048751,Conservative
0.0002864203305402059,13.07876114053013,Conservative
0.00024616303985602883,10.690289392349122,Conservative
0.0,13.289097945497213,Conservative
3.67920083341744e-05,9.378519913849725,Conservative
0.00013680535248994374,10.315611688710142,Conservative
0.0,10.393917998048828,Conservative
0.0,13.281680849824824,Conservative
0.0,13.342619176000095,Conservative
0.02350543198579508,61.384351025101125,Normal
0.0,13.7586604035714,Conservative
0.0,19.244959631337437,Conservative
0.0,6.228517306171024,Conservative
0.0,9.922292470606402,Conservative
0.012354709625308047,12.178856358028442,Conservative
0.0,11.11066453368363,Conservative
0.00017826860296193682,13.079319088185013,Conservative
0.0001579776019600132,10.674358260495486,Conservative
0.0,13.266472399011956,Conservative
2.4007983526530552e-05,9.399715257382288,Conservative
8.817426058094213e-05,10.331943775311544,Conservative
0.0,10.40314733756033,Conservative
0.0,13.260227940974154,Conservative
0.0,13.31629747440792,Conservative
0.014942186786820688,61.421591819393306,Normal
0.0,13.73835177470673,Conservative
0.0,21.65304950209365,Conservative
0.0,6.378007129684036,Conservative
0.0,9.962293168863384,Conservative
0.007803691725827733,12.09533528801995,Conservative
0.0,11.094898766682908,Conservative
0.00011095055483897197,13.08054954391087,Conservative
0.00010139801937825155,10.660915493070384,Conservative
0.0,13.246580646035188,Conservative
1.5661462660077063e-05,9.42089118081072,Conservative
5.681456133110885e-05,10.350567548786314,Conservative
0.0,10.41479630895136,Conservative
0.0,13.241330874399038,Conservative
0.0,13.292864900512233,Conservative
0.009494612954137609,61.52725991642113,Normal
0.0,13.715516843480044,Conservative
0.0,24.202429926520182,Conservative
0.0,6.526085181296756,Conservative
0.0,9.998899820929216,Conservative
0.004926775578852016,12.052536753787564,Conservative
0.0,11.079844932364932,Conservative
6.905103832157e-05,13.08209682426843,Conservative
6.50903357950483e-05,10.6495469290287,Conservative
0.0,13.229090421448115,Conservative
1.0213712677398235e-05,9.442065692222616,Conservative
3.6597315714814727e-05,10.371019634721595,Conservative
0.0,10.428523904630923,Conservative
0.0,13.224684110005223,Conservative
0.0,13.272001198124764,Conservative
0.006031050524009318,61.67276349342758,Normal
0.0,13.690576815853456,Conservative
0.0,26.881199991246206,Conservative
0.0,6.6720302823419235,Conservative
0.0,10.032429254715405,Conservative
0.0031092236738752277,12.034485836542835,Conservative
0.0,11.065445388681503,Conservative
4.2973335895670995e-05,13.083751639632696,Conservative
4.1787750474142626e-05,10.639952069826201,Conservative
0.0,13.21370983776832,Conservative
6.6590100846752875e-06,9.463255763289315,Conservative
2.3567014949321674e-05,10.392929673853661,Conservative
0.0,10.444027853805956,Conservative
0.0,13.210018407462451,Conservative
0.0,13.253421714188576,Conservative
0.0038298959403159113,61.840271542507054,Normal
0.0,13.663899502774484,Conservative
0.0,29.677384056159056,Conservative
0.0,6.815227635087866,Conservative
0.0,10.063170136572905,Conservative
0.0019615168834388186,12.03117174044308,Conservative
0.0,11.0516492585147,Conservative
2.67434643557741e-05,13.085394281233237,Conservative
2.682994635705427e-05,10.631905476493847,Conservative
0.0,13.200182615882166,Conservative
4.3402058977903835e-06,9.484475167072814,Conservative
1.5171234956312674e-05,10.415996027339324,Conservative
0.0,10.461040326994404,Conservative
0.0,13.197096705173085,Conservative
0.0,13.236873583774248,Conservative
0.002431523832875254,62.0187857964745,Normal
0.0,13.635805917836452,Conservative
0.8705094198240833,56.26426891078242,Normal
0.0,6.9551602034960345,Conservative
0.0,10.091385011953117,Conservative
0.0012370933200500644,12.036357687049753,Conservative
0.0,11.03841174823909,Conservative
1.6642836451264786e-05,13.086959478612231,Conservative
1.72275035055236e-05,10.625231951968422,Conservative
0.0,13.188283804968442,Conservative
2.828039326274734e-06,9.505733555817583,Conservative
9.763254613659456e-06,10.439969149451947,Conservative
0.0,10.479324134193387,Conservative
0.0,13.185710378960252,Conservative
0.0,13.222132243006266,Conservative
0.0015434141472923557,62.20162784112409,Normal
0.0,13.606576032593559,Conservative
1.8025236415517565,76.416451965294,Aggressive
0.0,7.091400964728548,Conservative
0.0,10.1173122942136,Conservative
0.0007800079404072235,12.04618853899518,Conservative
0.0,11.025693476141239,Conservative
1.0356886883163784e-05,13.088414710301269,Conservative
1.1062429164709897e-05,10.619790539943944,Conservative
0.0,13.177815973424039,Conservative
1.8421916099242708e-06,9.52703627305467,Conservative
6.280914329082066e-06,10.464640011640153,Conservative
0.0,10.498669359303934,Conservative
0.0,13.175675882016632,Conservative
0.0,13.20899827680223,Conservative
0.0009795138481315604,62.38483678820155,Normal
0.0,13.576453812640255,Conservative
1.5415397027059026,79.77152856615616,Aggressive
0.0,7.248855684788047,Conservative
0.0,10.141168182032136,Conservative
0.0004916939586490088,12.058307615560288,Conservative
0.0,11.01345983620425,Conservative
6.445020205467935e-06,13.089746858305231,Conservative
7.103928922447267e-06,10.615464165945166,Conservative
0.0,13.168605838505274,Conservative
1.1996600335351104e-06,9.5483845805037,Conservative
4.039278200806962e-06,10.489831877559135,Conservative
0.0,10.51889037860912,Conservative
0.0,13.166831749835392,Conservative
0.0,13.197294590801542,Conservative
0.0006215447527290941,62.56615042932132,Normal
0.0,13.545651634030209,Conservative
1.0774036295156364,71.85775793416548,Aggressive
0.0,7.455199989175821,Conservative
0.0,10.163148490687442,Conservative
0.000309885376193364,12.071297599410101,Conservative
0.0,11.001680410899944,Conservative
4.0106366355195575e-06,13.09095403137521,Conservative
4.562064503943475e-06,10.612152891978978,Conservative
0.0,13.160501296033663,Conservative
7.810079107883894e-07,9.569776100375117,Conservative
2.596785543929059e-06,10.515394321053938,Conservative
0.0,10.539823216699943,Conservative
0.0,13.159035944455312,Conservative
0.0,13.186863887322023,Conservative
0.00039434458527410075,62.74435919116118,Normal
0.0,13.514354161976213,Conservative
0.7493211791188905,66.43704342081578,Normal
0.0,7.70536580200846,Conservative
0.0,10.183430386797921,Conservative
0.0001952662142565842,12.084327277386517,Conservative
0.0,10.990328438976931,Conservative
2.4957268028721925e-06,13.092040585381978,Conservative
2.929773884829956e-06,10.609769487855129,Conservative
0.0,13.153368809792346,Conservative
5.083073446598974e-07,9.59120535082347,Conservative
1.6688573953871355e-06,10.541198762769314,Conservative
0.0,10.561323198737025,Conservative
0.0,13.152163508188416,Conservative
0.0,13.17756642063293,Conservative
0.00025016566595100387,62.91889774864017,Normal
0.0,13.482721760353664,Conservative
0.09350481496814744,52.569731769517034,Normal
0.0,7.994700747104963,Conservative
0.0,10.202174019885831,Conservative
0.00012302152143028877,12.096928784026408,Conservative
0.0,10.979380339413357,Conservative
1.5530165421334107e-06,13.093014117264776,Conservative
1.8815344819955726e-06,10.608236489805176,Conservative
0.0,13.147091121203877,Conservative
3.3072800498246124e-07,9.61266430156063,Conservative
1.0721440233396606e-06,10.567135049938898,Conservative
0.0,10.583262863059756,Conservative
0.0,13.146104495999012,Conservative
0.0,13.169278005340235,Conservative
0.00015868416499533914,63.08958785350972,Normal
0.0,13.450893490125681,Conservative
1.1052224480191963,83.44870232115719,Aggressive
0.0,8.319027604954417,Conservative
0.0,10.219524047321197,Conservative
7.749436409909549e-05,12.10885746431389,Conservative
0.0,10.968815289778979,Conservative
9.663867655164893e-07,13.093883673957956,Conservative
1.2083466209844573e-06,10.60748421585595,Conservative
0.0,13.14156524230397,Conservative
2.1512415493418757e-07,9.634142907833366,Conservative
6.88554282035625e-07,10.593108765598842,Conservative
0.0,10.605530102785792,Conservative
0.0,13.140762156547284,Conservative
0.0,13.161888252001146,Conservative
0.00010064645366826688,63.25647720082805,Normal
0.0,13.418989746574987,Conservative
1.9838731348852345,97.55735300625797,Aggressive
0.0,8.674611591415118,Conservative
0.0,10.235611051810125,Conservative
4.880905058612939e-05,12.120003969651345,Conservative
0.0,10.9586148555828,Conservative
6.013429098714084e-07,13.09465870646517,Conservative
7.7601184322873e-07,10.607449398457485,Conservative
0.0,13.136700698148557,Conservative
1.398881988023959e-07,9.655629600516997,Conservative
4.420538513016936e-07,10.619039058723692,Conservative
0.0,10.628026509146542,Conservative
0.0,13.136051333764327,Conservative
0.0,13.155299005426595,Conservative
6.383026611614998e-05,63.419739169129365,Normal
0.0,13.387114578570355,Conservative
1.3893240847141426,98.10308021076666,Aggressive
0.0,9.058126692092605,Conservative
0.0,10.25055285266733,Conservative
3.073811526643766e-05,12.130339330464976,Conservative
0.0,10.948762666333947,Conservative
3.74188266018496e-07,13.095348478497923,Conservative
4.983553569815058e-07,10.608074217038164,Conservative
0.0,13.132417988154247,Conservative
9.0938296892773e-08,9.67711172212688,Conservative
2.8370385507514584e-07,10.64485685546692,Conservative
0.0,10.650665892890128,Conservative
0.0,13.131897063164333,Conservative
0.0,13.14942296299137,Conservative
4.047826404129036e-05,63.579611054735544,Normal
0.0,13.355357727600662,Conservative
0.9477078098904022,89.64550791927074,Aggressive
0.0,9.466621890233549,Conservative
0.0,10.26445571370886,Conservative
1.935554968923725e-05,12.139880815867372,Conservative
0.0,10.939244133720955,Conservative
2.328387466321165e-07,13.09596175028576,Conservative
3.200373388523303e-07,10.609305591294259,Conservative
0.0,13.128647239203719,Conservative
5.9099885874047686e-08,9.69857590581972,Conservative
1.8201608398271674e-07,10.670503356648302,Conservative
0.0,10.673372963189664,Conservative
0.0,13.128233339605469,Conservative
0.0,13.144182452343264,Conservative
2.566772893936075e-05,63.73635657514812,Normal
0.0,13.323796419691464,Conservative
0.6409276557455961,84.56892246086976,Aggressive
0.0,9.897487957277132,Conservative
0.0,10.277415451782156,Conservative
1.2186791685131482e-05,12.148670872264633,Conservative
0.0,10.930046207320537,Conservative
1.448831191396981e-07,13.096506627082716,Conservative
2.0551803636692512e-07,10.61109464600597,Conservative
0.0,13.125327026500425,Conservative
3.8397315549332234e-08,9.720008398680768,Conservative
1.167375067723242e-07,10.695928756181136,Conservative
0.0,10.696082146170149,Conservative
0.0,13.125002035693543,Conservative
0.0,13.139508349997724,Conservative
1.6275196966450778e-05,63.89024361148057,Normal
0.0,13.292496939373091,Conservative
0.43035006208298565,81.85972531649684,Aggressive
0.0,10.348425325254091,Conservative
0.0,10.289518450780763,Conservative
7.67242377541777e-06,12.156764271590264,Conservative
0.0,10.921157163448125,Conservative
9.015255842701468e-08,13.096990504566557,Conservative
1.3197275272602838e-07,10.613396290145362,Conservative
0.0,13.122403341054097,Conservative
2.493962369953806e-08,9.741395332913607,Conservative
7.484607067453908e-08,10.721091134657653,Conservative
0.0,10.71873652746356,Conservative
0.0,13.122151952375951,Conservative
0.0,13.135339124316417,Conservative
1.0319077322131532e-05,64.04153146624314,Normal
0.0,13.261516011457203,Conservative
0.2871798415025655,80.75865860938094,Aggressive
0.0,10.817413428806908,Conservative
0.0,10.30084258653158,Conservative
4.829902681358078e-06,12.164220396436901,Conservative
0.0,10.912566423072995,Conservative
5.60965711191273e-08,13.09742006971539,Conservative
8.474247437106897e-08,10.616168873498735,Conservative
0.0,13.119828685293438,Conservative
1.6194004359704195e-08,9.762722949679706,Conservative
4.797197128425523e-08,10.745955495302347,Conservative
0.0,10.741286905169568,Conservative
0.0,13.119637985443743,Conservative
0.0,13.131619988240015,Conservative
6.54234660050137e-06,64.19046401517473,Normal
0.0,13.230902013397408,Conservative
0.1906043629249119,80.71632331240384,Aggressive
0.0,11.30268179125456,Conservative
0.0,10.311458068249134,Conservative
3.0402527588790917e-06,12.171098725433811,Conservative
0.0,10.904264395082892,Conservative
3.4905413854859614e-08,13.097801332035791,Conservative
5.441244610437934e-08,10.619373897112368,Conservative
0.0,13.117561280631135,Conservative
1.051222042747213e-08,9.783977780749245,Conservative
3.073747656401338e-08,10.770492918222423,Conservative
0.0,10.763690941285375,Conservative
0.0,13.117420393624338,Conservative
0.0,13.128302148851246,Conservative
4.147690115406343e-06,64.33726646745959,Normal
0.0,13.200696038387392,Conservative
0.12589757650234734,81.34517521367445,Aggressive
0.0,11.80268303308383,Conservative
0.0,10.321428202373095,Conservative
1.9135908990719486e-06,12.177456300070002,Conservative
0.0,10.8962423415607,Conservative
2.1719393397751333e-08,13.09813967005016,Conservative
3.4936025627985146e-08,10.622975762242863,Conservative
0.0,13.115564372863254,Conservative
6.821991860306298e-09,9.805146793111513,Conservative
1.9688524588445944e-08,10.794679814809752,Conservative
0.0,10.785912401113773,Conservative
0.0,13.115464155705242,Conservative
0.0,13.12534214237797,Conservative
2.6294256820290443e-06,64.48214429636639,Normal
0.0,13.170932827032347,Conservative
0.08279886774949485,82.37742844802031,Aggressive
0.0,12.31606790145952,Conservative
0.0,10.33081008458417,Conservative
1.2043671109296383e-06,12.183346407400517,Conservative
0.0,10.888492262107139,Conservative
1.3514537761207265e-08,13.09843988411156,Conservative
2.2429775370369498e-08,10.62694154785033,Conservative
0.0,13.11380562309051,Conservative
4.425935173912876e-09,9.826217501440485,Conservative
1.2607378252482704e-08,10.818497268227096,Conservative
0.0,10.807920471400957,Conservative
0.0,13.113738405687181,Conservative
0.0,13.122701244611232,Conservative
1.6668592028824236e-06,64.62528343973132,Normal
0.0,13.141641583373055,Conservative
0.054242980370367455,83.63156011031371,Aggressive
0.0,12.841662354507532,Conservative
0.0,10.339655225665712,Conservative
7.579509411215213e-07,12.188817999005238,Conservative
0.0,10.881006794594686,Conservative
8.409176168651353e-09,13.098706250380904,Conservative
1.4399613945670353e-08,10.63124081009851,Conservative
0.0,13.11225657342765,Conservative
2.8706281796075928e-09,9.847178052936455,Conservative
8.070591306363895e-09,10.841930448775646,Conservative
0.0,10.829689149025477,Conservative
0.0,13.112215936338828,Conservative
0.0,13.120344947921492,Conservative
1.0566271028461264e-06,64.76685120990389,Normal
0.0,13.112846689217719,Conservative
0.035411558499857776,84.98701181304128,Aggressive
0.0,13.37844668277225,Conservative
0.0,10.348010116672693,Conservative
4.76977104035825e-07,12.193915546778006,Conservative
0.0,10.873779130062616,Conservative
5.232444332079094e-09,13.09894257308992,Conservative
9.243779075518432e-09,10.635845399518319,Conservative
0.0,13.11089217814346,Conservative
1.8613501850950342e-09,9.86801728863488,Conservative
5.164844552041359e-09,10.86496809499243,Conservative
0.0,10.851196692984509,Conservative
0.0,13.110872762731226,Conservative
0.0,13.118242497120486,Conservative
6.697776089017422e-07,64.90699756769536,Normal
0.0,13.084568329112614,Conservative
0.023045376919659688,86.36566977026355,Aggressive
0.0,13.925536610804508,Conservative
0.0,10.355916738610247,Conservative
3.00144094467214e-07,12.198679149568918,Conservative
0.0,10.866802939757543,Conservative
3.255777839674695e-09,13.09915223359212,Conservative
5.933616264996999e-09,10.640729292896719,Conservative
0.0,13.109690392072295,Conservative
1.2065868304489413e-09,9.888724784835238,Conservative
3.304325701947164e-09,10.887602052832335,Conservative
0.0,10.872425133225585,Conservative
0.0,13.10968773838583,Conservative
0.0,13.11636647735058,Conservative
4.2454785424622647e-07,65.04585655032827,Normal
0.0,13.056823036840596,Conservative
0.014955523671900117,87.71858514807744,Aggressive
0.0,14.482166292708246,Conservative
0.0,10.363413021530048,Conservative
1.888597189747543e-07,12.203144776007429,Conservative
0.0,10.860072312588091,Conservative
2.025834821547147e-09,13.099338235523813,Conservative
3.808548143524604e-09,10.645868437849886,Conservative
0.0,13.10863180917982,Conservative
7.819327407787569e-10,9.909290877878005,Conservative
2.1134152206059298e-09,10.909826866427123,Conservative
0.0,10.893359830570185,Conservative
0.0,13.108642217592728,Conservative
0.0,13.114692448003593,Conservative
2.6909820282161125e-07,65.18354772842777,Normal
0.0,13.029624173055021,Conservative
0.009681178678325963,89.01659394561953,Aggressive
0.0,15.047673095093177,Conservative
0.0,10.370533257638737,Conservative
1.1883036066251407e-07,12.207344573559391,Conservative
0.0,10.853581701496651,Conservative
1.2605282960825546e-09,13.09950324587449,Conservative
2.444378921495627e-09,10.651240608617977,Conservative
0.0,13.107699345071689,Conservative
5.065956543148786e-10,9.929706675098222,Conservative
1.3513421492916677e-09,10.931639414795209,Conservative
0.0,10.913989082586,Conservative
0.0,13.107719758261249,Conservative
0.0,13.113198617388608,Conservative
1.7056264862418444e-07,65.32017762021896,Normal
0.0,13.002982342517507,Conservative
0.006252909939005846,90.20254304626508,Aggressive
0.0,15.621484047772949,Conservative
0.0,10.37730847269092,Conservative
7.4764454183196e-08,12.211307201843747,Conservative
0.0,10.847325877457745,Conservative
7.843330681995079e-10,13.09964963203633,Conservative
1.5687202647995946e-09,10.656825271991066,Conservative
0.0,13.106877958021231,Conservative
3.2812330630349607e-10,9.949964054421145,Conservative
8.638281201456266e-10,10.953038589580554,Conservative
0.0,10.934303770800659,Conservative
0.0,13.106905860368068,Conservative
0.0,13.111865553497449,Conservative
1.0810525915816321e-07,65.45584102403484,Normal
0.0,12.976905758399743,Conservative
0.0040266168101874555,89.43188970443215,Aggressive
0.0,16.20310383535407,Conservative
0.0,10.38376675961767,Conservative
4.703743261558202e-08,12.215058165657496,Conservative
0.0,10.84129988999338,Conservative
4.880314580461699e-10,13.09977949504622,Conservative
1.0066738553859977e-09,10.662603462515694,Conservative
0.0,13.106154403777076,Conservative
2.1247004156066396e-10,9.970055654734528,Conservative
5.52043744050934e-10,10.974025009473658,Conservative
0.0,10.954297045121903,Conservative
0.0,13.1061877356812,Conservative
0.0,13.11067592676703,Conservative
6.851728658328024e-08,65.590622250437,Normal
0.0,12.951400560214005,Conservative
0.0025813945953130357,88.84647656561953,Aggressive
0.0,16.792104200352806,Conservative
0.0,10.389933578026977,Conservative
2.959195466445408e-08,12.218620133945775,Conservative
0.0,10.835499033253608,Conservative
3.0366481653397083e-10,13.099894699303178,Conservative
6.459472956521495e-10,10.66855766628895,Conservative
0.0,13.10551702000738,Conservative
1.375433100747614e-10,9.989974858878261,Conservative
3.5270097953343793e-10,10.994600767451583,Conservative
0.0,10.973964041747363,Conservative
0.0,13.10555410497366,Conservative
0.0,13.109614281220614,Conservative
4.3425470976255544e-08,65.72459624742615,Normal
0.0,12.926471091145931,Conservative
0.0016484650010566426,88.42268585794834,Aggressive
0.0,17.38811462960065,Conservative
0.0,10.395832022909817,Conservative
1.8615987862347083e-08,12.222013237575144,Conservative
0.0,10.829918816847233,Conservative
1.8894718803426012e-10,13.099996899069572,Conservative
4.1444891962783004e-10,10.674671712751557,Conservative
0.0,13.104955536755906,Conservative
8.901679393602535e-11,10.009715770829832,Conservative
2.2528290344325796e-10,11.014769207385164,Conservative
0.0,10.993301631218033,Conservative
0.0,13.104995019407367,Conservative
0.0,13.108666830792961,Conservative
2.7522032515183594e-08,65.85782961938168,Normal
0.0,12.902120139862653,Conservative
0.0010491050043457406,88.1407575521307,Aggressive
0.0,17.99081419952261,Conservative
0.0,10.401483065597139,Conservative
1.171066799088294e-08,12.225255342780073,Conservative
0.0,10.824554940726177,Conservative
1.1756697158296678e-10,13.100087562064399,Conservative
2.658939735056265e-10,10.680930673962342,Conservative
0.0,13.104460909737178,Conservative
5.759659416071372e-11,10.029273188432876,Conservative
1.4386003499566868e-10,11.034534726919981,Conservative
0.0,11.012308193600601,Conservative
0.0,13.104501703176458,Conservative
0.0,13.107821278015951,Conservative
1.744249223748251e-08,65.99038154438944,Normal
0.0,12.878349151251383,Conservative
0.0006656407201379722,87.98393712957086,Aggressive
0.0,18.59992446164223,Conservative
0.0,10.406905769741414,Conservative
7.366497634109237e-09,12.228362299533583,Conservative
0.0,10.819403273529076,Conservative
7.315276588176299e-11,13.100167990443895,Conservative
1.7057288914656965e-10,10.68732077088665,Conservative
0.0,13.104025173691527,Conservative
3.725553199274145e-11,10.048642572814035,Conservative
9.184297766751115e-11,11.053902603851917,Conservative
0.0,11.030983418079451,Conservative
0.0,13.104066414855234,Conservative
0.0,13.107066652567298,Conservative
1.1054244553447595e-08,66.12230459670913,Normal
0.0,12.855158409997896,Conservative
0.0004211976717334309,87.9378506078523,Aggressive
0.0,19.215203256737126,Conservative
0.0,10.412117484842572,Conservative
4.63366589542602e-09,12.231348165462464,Conservative
0.0,10.814459833877796,Conservative
4.5517401176428145e-11,13.100239339444292,Conservative
1.0941469952285843e-10,10.693829286266771,Conservative
0.0,13.10364131336501,Conservative
2.4092727812785597e-11,10.067820015454787,Conservative
5.861977570020827e-11,11.072878843497447,Conservative
0.0,11.049328124504218,Conservative
0.0,13.10368232520821,Conservative
0.0,13.106393167472094,Conservative
7.005554267518588e-09,66.2536454820488,Normal
0.0,12.832547200433444,Conservative
0.0002658781469691007,87.99004693887888,Aggressive
0.0,19.836439353939934,Conservative
0.0,10.417134019601981,Conservative
2.9145619251380595e-09,12.234225406670902,Conservative
0.0,10.809720774195657,Conservative
2.832220081975447e-11,13.100302633938451,Conservative
7.01785296541857e-11,10.700444483671665,Conservative
0.0,13.10330314997866,Conservative
1.5576873124700796e-11,10.086802203729164,Conservative
3.7406522324090474e-11,11.091470044808657,Conservative
0.0,11.067344104677174,Conservative
0.0,13.1033434094921,Conservative
0.0,13.105792090999188,Conservative
4.439653798274719e-09,66.38444569352076,Normal
0.0,12.81051394565543,Conservative
0.00016747163023289602,88.12965949719421,Aggressive
0.0,20.463447819343394,Conservative
0.0,10.42196979717067,Conservative
1.8331887119416024e-09,12.23700507719764,Conservative
0.0,10.805182366681185,Conservative
1.7622367516827364e-11,13.100358783134583,Conservative
4.5007553239884146e-11,10.707155532345658,Conservative
0.0,13.103005241314367,Conservative
1.006661420888122e-11,10.10558638558479,Conservative
2.3863577780502965e-11,11.1096832832065,Conservative
0.0,11.085033981379187,Conservative
0.0,13.103044352518953,Conservative
0.0,13.10525563251687,Conservative
2.8135147963814335e-09,66.51474209595456,Normal
0.0,12.789056328554269,Conservative
0.00010528377672081035,88.34715097906256,Aggressive
0.0,21.096066027020516,Conservative
0.0,10.426637994157483,Conservative
1.1529941446042358e-09,12.239696978965519,Conservative
0.0,10.800840991126117,Conservative
1.096473359449535e-11,13.100408593622467,Conservative
2.886224592657527e-11,10.713952437496125,Conservative
0.0,13.102742793773523,Conservative
6.503242389044317e-12,10.12417033392616,Conservative
1.5219825399981346e-11,11.12752600830901,Conservative
0.0,11.102401083326546,Conservative
0.0,13.102780464958558,Conservative
0.0,13.104776840768828,Conservative
1.7829658652532163e-09,66.64456744582354,Normal
0.0,12.768171397051645,Conservative
6.60743592630908e-05,88.63411653738615,Aggressive
0.0,21.734150233577694,Conservative
0.0,10.431150665079608,Conservative
7.251585998346854e-10,12.242309804078964,Conservative
0.0,10.796693124313663,Conservative
6.822308842192765e-12,13.100452780950803,Conservative
1.850608555287181e-11,10.720825975677334,Conservative
0.0,13.102511584965477,Conservative
4.201083925181592e-12,10.142552311157747,Conservative
9.706013770482969e-12,11.145005954912788,Conservative
0.0,11.119449334425846,Conservative
0.0,13.102547609541881,Conservative
0.0,13.10434951320426,Conservative
1.129876728033568e-09,66.77395085350626,Normal
0.0,12.747855655566953,Conservative
4.140346119640981e-05,88.9831278633811,Aggressive
0.0,22.37757264525487,Conservative
0.0,10.435518853770564,Conservative
4.560636313044597e-10,12.244851261248177,Conservative
0.0,10.792735330773093,Conservative
4.245009531954614e-12,13.100491979900264,Conservative
1.1864287330354273e-11,10.727767634945364,Conservative
0.0,13.102307895558415,Conservative
2.7124968937641825e-12,10.160731034257708,Conservative
6.188827228470473e-12,11.162131065751984,Conservative
0.0,11.13618315585224,Conservative
0.0,13.102342135988321,Conservative
0.0,13.103968115149222,Conservative
7.160001593101695e-10,66.90291819403774,Normal
0.0,12.728105144476935,Conservative
2.5908692242282427e-05,89.38760652525704,Aggressive
0.0,23.026218914067236,Conservative
0.0,10.439752693108645,Conservative
2.8681768071692204e-10,12.24732818800092,Conservative
0.0,10.788964254700813,Conservative
2.641207157051028e-12,13.100526753598308,Conservative
7.606359986311872e-12,10.734769559473714,Conservative
0.0,13.102128449279386,Conservative
1.751487843648647e-12,10.178705640677824,Conservative
3.945288540307956e-12,11.178909424709135,Conservative
0.0,11.152607379619543,Conservative
0.0,13.102160823620562,Conservative
0.0,13.10362770774171,Conservative
4.5372184248449776e-10,67.03149247192637,Normal
0.0,12.708915509110758,Conservative
1.6192924226388072e-05,89.84171871399471,Aggressive
0.0,23.679986006456886,Conservative
0.0,10.44386149429039,Conservative
1.8037304982954083e-10,12.249746650208705,Conservative
0.0,10.785376612887037,Conservative
1.642968248657487e-12,13.100557601605987,Conservative
4.8760995241536875e-12,10.74182449833524,Conservative
0.0,13.101970360084813,Conservative
1.1297629498585593e-12,10.196475655299867,Conservative
2.5135449277513544e-12,11.195349199286827,Conservative
0.0,11.168727172440324,Conservative
0.0,13.102000830755294,Conservative
0.0,13.103323883672749,Conservative
2.875153101313245e-10,67.15969414506615,Normal
0.0,12.690282059629176,Conservative
1.010963002556764e-05,90.34028611759,Aggressive
0.0,24.33878039437633,Conservative
0.0,10.44785382674885,Conservative
1.1342926597990299e-10,12.252112030315454,Conservative
0.0,10.781969188511583,Conservative
1.022095263539428e-12,13.100584967092566,Conservative
3.126388037344441e-12,10.748925758170973,Conservative
0.0,13.101831085641594,Conservative
7.283063041541027e-13,10.214040958625398,Conservative
1.602273869139026e-12,11.21145859127288,Conservative
0.0,11.18454796879162,Conservative
0.0,13.101859650066558,Conservative
0.0,13.103052709881927,Conservative
1.821909669008334e-10,67.28754141225846,Normal
0.0,12.672199822965643,Conservative
6.305632890502011e-06,90.87870933840993,Aggressive
0.0,25.002516524620237,Conservative
0.0,10.451737589703072,Conservative
7.132872070769736e-11,12.25442910552011,Conservative
0.0,10.77873882569321,Conservative
6.35860741470511e-13,13.10060924320043,Conservative
2.0055068716828828e-12,10.75606715948023,Conservative
0.0,13.101708386362354,Conservative
4.689582056016661e-13,10.231401756327973,Conservative
1.021405182655144e-12,11.227245794642048,Conservative
0.0,11.200075412208408,Conservative
0.0,13.101735069214651,Conservative
0.0,13.102810676449876,Conservative
1.1544873664021627e-10,67.41505046838242,Normal
0.0,12.654663587857906,Conservative
3.929645144395977e-06,91.45290137135925,Aggressive
0.0,25.671115527580103,Conservative
0.0,10.455520076223328,Conservative
4.4853898373276024e-11,12.256702117037557,Conservative
0.0,10.77568242469408,Conservative
3.956852463270374e-13,13.100630778691944,Conservative
1.284305994886381e-12,10.763242996281377,Conservative
0.0,13.101600289329966,Conservative
3.019806626980426e-13,10.24855855025856,Conservative
6.501466032204917e-13,11.2427189598391,Conservative
0.0,11.215315303923543,Conservative
0.0,13.101625136117685,Conservative
0.0,13.10259465101373,Conservative
7.315551951844825e-11,67.54223573081764,Normal
0.0,12.63766794386795,Conservative
2.4471017399108064e-06,92.05922937571259,Aggressive
0.0,26.34450413142026,Conservative
0.0,10.459208030604525,Conservative
2.8204105717577477e-11,12.258934831442387,Conservative
0.0,10.772796937696123,Conservative
2.4583643980611776e-13,13.10064988295887,Conservative
8.22453216642316e-13,10.770447998906398,Conservative
0.0,13.101505056526062,Conservative
1.9539925233402755e-13,10.265512110961406,Conservative
4.1389114358025836e-13,11.257886163677673,Conservative
0.0,11.230273558060269,Conservative
0.0,13.101528128316655,Conservative
0.0,13.102401838105607,Conservative
4.6355208878337463e-11,67.66911004033732,Normal
0.0,12.621207315174072,Conservative
1.522870727299619e-06,92.69446343825413,Aggressive
0.0,27.022613752002705,Conservative
0.0,10.462807699757576,Conservative
1.77342585061524e-11,12.261130594992146,Conservative
0.0,10.770079365077983,Conservative
1.5263803145235082e-13,13.100666830466547,Conservative
5.275779813018744e-13,10.777677299704658,Conservative
0.0,13.101421156849092,Conservative
1.2612133559741778e-13,10.282263451730481,Conservative
2.6290081223123707e-13,11.27275538417185,Conservative
0.0,11.244956162662877,Conservative
0.0,13.101442525950757,Conservative
0.0,13.102229742879976,Conservative
2.937291255760324e-11,67.7956848393294,Normal
0.0,12.605275989818153,Conservative
9.471538975347471e-07,92.7958127766065,Aggressive
0.0,27.705379732741843,Conservative
0.0,10.466324879254003,Conservative
1.1151080059335072e-11,12.263292381727315,Conservative
0.0,10.76752675213206,Conservative
9.489242253591327e-14,13.100681864696417,Conservative
3.3928415632544784e-13,10.784926401446326,Conservative
0.0,13.101347241468876,Conservative
8.171241461241152e-14,10.298813804214149,Conservative
1.6697754290362354e-13,11.287334479692031,Conservative
0.0,11.259369145922564,Conservative
0.0,13.101366987916272,Conservative
0.0,13.102076138754235,Conservative
1.8611896951029806e-11,67.92197032989695,Normal
0.0,12.589868145004255,Conservative
5.898738404397363e-07,91.9689043601319,Aggressive
0.0,28.392740711992083,Conservative
0.0,10.469764954592227,Conservative
7.0112804451127886e-12,12.265422836057423,Conservative
0.0,10.765136186169746,Conservative
5.921786852721733e-14,13.100695201643486,Conservative
2.1671553440683056e-13,10.792191148227054,Conservative
0.0,13.101282122119114,Conservative
5.3290705182007514e-14,10.315164595556595,Conservative
1.0658141036401503e-13,11.301631171902322,Conservative
0.0,11.273518547021016,Conservative
0.0,13.101300330833485,Conservative
0.0,13.101939038538694,Conservative
1.1793457483426856e-11,68.04797561409637,Normal
0.0,12.574977868967741,Conservative
3.689367629178264e-07,91.30922834909843,Aggressive
0.0,29.084638098593917,Conservative
0.0,10.473132938194048,Conservative
4.408917675391422e-12,12.267524310463031,Conservative
0.0,10.76290479397024,Conservative
3.7013921594801387e-14,13.100707032919171,Conservative
1.3855583347321954e-13,10.799467698688463,Conservative
0.0,13.101224751977144,Conservative
3.375077994860476e-14,10.331317427050454,Conservative
6.927791673660977e-14,11.315653031997511,Conservative
0.0,11.287410391072674,Conservative
0.0,13.101241510490388,Conservative
0.0,13.10181666867849,Conservative
7.472692468698275e-12,68.17370881832719,Normal
0.0,12.560599179867499,Conservative
2.314755702670368e-07,90.7881410726264,Aggressive
0.0,29.781015638862936,Conservative
0.0,10.476433502585929,Conservative
2.772004847884091e-12,12.269598898871756,Conservative
0.0,10.760829739534655,Conservative
2.3040374989909324e-14,13.100717528503782,Conservative
8.881784197001252e-14,10.80675250137976,Conservative
0.0,13.101174208822064,Conservative
2.1316282072803006e-14,10.347274054262915,Conservative
4.440892098500626e-14,11.329407469811258,Conservative
0.0,11.301050667700192,Conservative
0.0,13.101189605470958,Conservative
0.0,13.101707446270991,Conservative
4.734851376346135e-12,68.29917720365944,Normal
0.0,12.546726042095402,Conservative
1.4557152994143507e-07,90.3827855831168,Aggressive
0.0,30.481819060641346,Conservative
0.0,10.479671010171627,Conservative
1.7434942378713458e-12,12.271648466204395,Conservative
0.0,10.758908222112144,Conservative
1.4262642578127542e-14,13.10072683918843,Conservative
5.684341886080802e-14,10.814042272098636,Conservative
0.0,13.101129680199428,Conservative
1.4210854715202004e-14,10.363036368587892,Conservative
2.842170943040401e-14,11.342901725415954,Conservative
0.0,11.314445312825502,Conservative
0.0,13.10114380271061,Conservative
0.0,13.101609958558761,Conservative
3.000453618085014e-12,68.42438726368425,Normal
0.0,12.533352380345992,Conservative
9.171198467328168e-08,90.0746880465403,Aggressive
0.0,31.18699578206843,Conservative
0.0,10.482849539959338,Conservative
1.0960121699099545e-12,12.273674674529369,Conservative
0.0,10.757137474469197,Conservative
8.726745148130569e-15,13.100735098741156,Conservative
3.730349362740526e-14,10.821333973059001,Conservative
0.0,13.101090450353182,Conservative
8.881784197001252e-15,10.3786063801708,Conservative
1.7763568394002505e-14,11.35614286287737,Conservative
0.0,11.327600193302564,Conservative
0.0,13.101103384751694,Conservative
0.0,13.101522944630869,Conservative
1.9013950792137404e-12,68.54934481129706,Normal
0.0,12.520472091744928,Conservative
5.786071000102311e-08,89.84875588346021,Aggressive
0.0,31.896494674507874,Conservative
0.0,10.48597291156805,Conservative
6.892264536872972e-13,12.275679006215341,Conservative
0.0,10.755514761376835,Conservative
4.937590141712666e-15,13.100742425828685,Conservative
2.3092638912203256e-14,10.828624793743767,Conservative
0.0,13.10105588871413,Conservative
3.552713678800501e-15,10.393986202146777,Conservative
1.2434497875801753e-14,11.369137765867244,Conservative
0.0,11.340521094056914,Conservative
0.0,13.10106771849871,Conservative
0.0,13.10144527909417,Conservative
1.2046135172770652e-12,68.67405505566052,Normal
0.0,12.508079056296037,Conservative
3.6544832937579486e-08,89.69254620343652,Aggressive
0.0,32.610265870612956,Conservative
0.0,10.48904470680295,Conservative
4.3431924723336124e-13,12.277662784425877,Conservative
0.0,10.754037378293509,Conservative
3.01360438923803e-15,13.100748925721176,Conservative
1.4210854715202004e-14,10.835912133311211,Conservative
0.0,13.10102543975932,Conservative
3.552713678800501e-15,10.409178036130005,Conservative
7.105427357601002e-15,11.381893134870612,Conservative
0.0,11.353213707432799,Conservative
0.0,13.101036245296616,Conservative
0.0,13.101375957502096,Conservative
7.629950037886559e-13,68.79852267046081,Normal
0.0,12.4961671458727,Conservative
2.3102622925819105e-08,89.59572089454761,Aggressive
0.0,33.3282606098515,Conservative
0.0,10.492068289059093,Conservative
2.7355895326763857e-13,12.279627191261675,Conservative
0.0,10.75270265022407,Conservative
1.8001578017596245e-15,13.100754691804525,Conservative
8.881784197001252e-15,10.843193584431424,Conservative
0.0,13.100998614079023,Conservative
3.552713678800501e-15,10.424184158888625,Conservative
3.552713678800501e-15,11.394415485757344,Conservative
0.0,11.365683624480315,Conservative
0.0,13.10100847217651,Conservative
0.0,13.101314083351426,Conservative
4.835865221931926e-13,68.92275185443694,Normal
0.0,12.484730231949651,Conservative
1.4615721966038109e-08,89.54963359022231,Aggressive
0.0,34.0504311149729,Conservative
0.0,10.495046820784493,Conservative
1.723066134218243e-13,12.281573283820666,Conservative
0.0,10.751507930737326,Conservative
6.311190630699168e-16,13.100759806921994,Conservative
3.552713678800501e-15,10.850466918439576,Conservative
0.0,13.100974980507404,Conservative
3.552713678800501e-15,10.439006910141334,Conservative
3.552713678800501e-15,11.406711149512962,Conservative
0.0,11.377936327944031,Conservative
0.0,13.10098396413107,Conservative
0.0,13.101258856478138,Conservative
3.065193668036609e-13,69.0467463850592,Normal
0.0,12.473762192246005,Conservative
9.2522851602439e-09,89.54701171573257,Aggressive
0.0,34.77673049389857,Conservative
0.0,10.497983279209338,Conservative
1.0835776720341528e-13,12.283502008414889,Conservative
0.0,10.75045060112654,Conservative
2.4663708430005834e-16,13.100764344564416,Conservative
3.552713678800501e-15,10.857730071700248,Conservative
0.0,13.100954159190051,Conservative
3.552713678800501e-15,10.453648681408238,Conservative
3.552713678800501e-15,11.418786272950552,Conservative
0.0,11.389977186740216,Conservative
0.0,13.100962337298736,Conservative
0.0,13.101209562701507,Conservative
1.9417542671064565e-13,69.17050966613057,Normal
0.0,12.463256916427277,Conservative
5.860094631771062e-09,89.581708334444,Aggressive
0.0,35.50711266237515,Normal
0.0,10.500880470525681,Conservative
6.838973831690964e-14,12.285414213156104,Conservative
0.0,10.749528069698846,Conservative
3.0067802666116924e-16,13.100768369925921,Conservative
3.552713678800501e-15,10.86498113308396,Conservative
0.0,13.100935815476914,Conservative
3.552713678800501e-15,10.468111905851698,Conservative
3.552713678800501e-15,11.430646820246983,Conservative
0.0,11.401811451733144,Conservative
0.0,13.100943252949552,Conservative
0.0,13.101165564582024,Conservative
1.2263856659299135e-13,69.2940447699994,Normal
0.0,12.453208310994954,Conservative
3.713235940949744e-09,89.64850607560119,Aggressive
0.0,36.24153228347793,Normal
0.0,10.503741042682387,Conservative
4.263256414560601e-14,12.287310659097635,Conservative
0.0,10.748737771180721,Conservative
8.4799322100422e-16,13.100771940840634,Conservative
3.552713678800501e-15,10.872218332466955,Conservative
0.0,13.10091965454224,Conservative
3.552713678800501e-15,10.482399049043078,Conservative
3.552713678800501e-15,11.442298575165562,Conservative
0.0,11.413444252641975,Conservative
0.0,13.10092641217835,Conservative
0.0,13.101126293173273,Conservative
7.736342996782629e-14,69.41735447499009,Normal
0.0,12.443610303474978,Conservative
2.353769623653079e-09,89.74296049973714,Aggressive
0.0,36.979944720673394,Normal
0.0,10.506567496942202,Conservative
2.6645352591003757e-14,12.289192030098365,Conservative
0.0,10.748077166228105,Conservative
1.0252341477738968e-15,13.100775108613485,Conservative
3.552713678800501e-15,10.879440030168958,Conservative
0.0,13.100905416644917,Conservative
3.552713678800501e-15,10.496512600593192,Conservative
3.552713678800501e-15,11.453747143845572,Conservative
0.0,11.424880595928348,Conservative
0.0,13.100911551222058,Conservative
0.0,13.101091240660745,Conservative
4.8627965838734204e-14,69.5404412985984,Normal
0.0,12.43445684600199,Conservative
1.4925038982482874e-09,89.86127373042378,Aggressive
0.0,37.722306001701426,Normal
0.0,10.509362198332285,Conservative
1.687538997430238e-14,12.291058941555567,Conservative
0.0,10.747543741030341,Conservative
9.5082517361307e-16,13.100777918757412,Conservative
3.552713678800501e-15,10.886644707252325,Conservative
0.0,13.100892872953066,Conservative
3.552713678800501e-15,10.51045506658632,Conservative
3.552713678800501e-15,11.464997958054118,Conservative
0.0,11.43612536353176,Conservative
0.0,13.100898437327773,Conservative
0.0,13.101059953792033,Conservative
3.043715366750901e-14,69.66330752692323,Normal
0.0,12.425741918382615,Conservative
9.466436523553057e-10,90.00019160008208,Aggressive
0.0,38.46857279099416,Normal
0.0,10.512127385105273,Conservative
1.0658141036401503e-14,12.292911948136826,Conservative
0.0,10.747135006998425,Conservative
8.764161915384885e-16,13.100780411647156,Conservative
3.552713678800501e-15,10.893830956611096,Conservative
0.0,13.100881821865546,Conservative
3.552713678800501e-15,10.524228962760082,Conservative
3.552713678800501e-15,11.476056278809518,Conservative
0.0,11.447183312334925,Conservative
0.0,13.10088686510663,Conservative
0.0,13.101032028013407,Conservative
1.9393062603993016e-14,69.78595524076778,Normal
0.0,12.41745953071063,Conservative
6.005658192975716e-10,90.15691926998714,Aggressive
0.0,39.21870236874218,Normal
0.0,10.514865177315377,Conservative
6.217248937900877e-15,12.294751550625929,Conservative
0.0,10.746848500528454,Conservative
8.020072024435854e-16,13.100782623099366,Conservative
3.552713678800501e-15,10.900997474784223,Conservative
0.0,13.100872085771325,Conservative
3.552713678800501e-15,10.537836808375793,Conservative
3.552713678800501e-15,11.48692720029749,Conservative
0.0,11.458059074254738,Conservative
0.0,13.100876653316524,Conservative
0.0,13.101007102236698,Conservative
1.2353265595880057e-14,69.9083863387828,Normal
0.0,12.409603725596625,Conservative
3.8108627364863423e-10,90.32905151481398,Aggressive
0.0,39.97265261505349,Normal
0.0,10.517577584602824,Conservative
3.552713678800501e-15,12.29657820198455,Conservative
0.0,10.746681782832121,Conservative
7.275982071209278e-16,13.100784584887155,Conservative
3.552713678800501e-15,10.908143054432395,Conservative
0.0,13.10086350819459,Conservative
3.552713678800501e-15,10.55128112072684,Conservative
3.552713678800501e-15,11.497615654012112,Conservative
0.0,11.46875715686674,Conservative
0.0,13.10086764202309,Conservative
0.0,13.100984854168646,Conservative
7.716147031937488e-15,70.0306025579884,Aggressive
0.0,12.402168580066345,Conservative
2.418580891117017e-10,90.51451475793962,Aggressive
0.0,40.73038199793195,Normal
0.0,10.520266513269904,Conservative
2.6645352591003757e-15,12.298392312719855,Conservative
0.0,10.746632439826517,Conservative
6.53189206273606e-16,13.100786325196609,Conservative
3.552713678800501e-15,10.915266577422928,Conservative
0.0,13.100855951279552,Conservative
3.552713678800501e-15,10.564564410235157,Conservative
3.552713678800501e-15,11.50812641306301,Conservative
0.0,11.47928194448169,Conservative
0.0,13.100859690094529,Conservative
0.0,13.10096499614231,Conservative
4.660604159409319e-15,70.15260549197102,Aggressive
0.0,12.395148207174657,Conservative
1.5351897530990755e-10,90.71151860437863,Aggressive
0.0,41.49184956403879,Normal
0.0,10.522933772722823,Conservative
2.6645352591003757e-15,12.300194255637683,Conservative
0.0,10.746698082076225,Conservative
5.787802005253336e-16,13.100787869031736,Conservative
3.552713678800501e-15,10.92236700847132,Conservative
0.0,13.100849293574665,Conservative
3.552713678800501e-15,10.577689176088771,Conservative
3.552713678800501e-15,11.518464096598377,Conservative
0.0,11.489637699602534,Conservative
0.0,13.100852672991026,Conservative
0.0,13.100947271396512,Conservative
2.991570183711774e-15,70.27439660701967,Aggressive
0.0,12.38853675737556,Conservative
9.745892981527504e-11,90.91851511115473,Aggressive
0.0,42.257014931401805,Normal
0.0,10.525581081345779,Conservative
2.6645352591003757e-15,12.30198437005206,Conservative
0.0,10.746876344781073,Conservative
5.043711904294098e-16,13.100789238573679,Conservative
3.552713678800501e-15,10.929443389292757,Conservative
0.0,13.100843428080514,Conservative
3.552713678800501e-15,10.590657902376083,Conservative
3.552713678800501e-15,11.528633174300925,Conservative
0.0,11.499828564698724,Conservative
0.0,13.100846480814015,Conservative
0.0,13.100931450755088,Conservative
1.7331707208649442e-15,70.39597725643137,Aggressive
0.0,12.382328419683255,Conservative
6.187761414366832e-11,91.13416440679698,Aggressive
0.0,43.025838283407815,Normal
0.0,10.528210071866255,Conservative
2.6645352591003757e-15,12.303762965513366,Conservative
0.0,10.74716488780352,Conservative
4.299621764766682e-16,13.100790453499487,Conservative
3.552713678800501e-15,10.936494833220225,Conservative
0.0,13.100838260530011,Conservative
3.552713678800501e-15,10.603473054675359,Conservative
3.552713678800501e-15,11.538637970920066,Conservative
0.0,11.50985856424258,Conservative
0.0,13.100841016584905,Conservative
0.0,13.100917329663082,Conservative
8.651239261019765e-16,70.5173486931989,Aggressive
0.0,12.376517422654345,Conservative
3.929034875227444e-11,91.35730555509444,Aggressive
0.0,43.7982803635468,Normal
0.0,10.53082229626434,Conservative
2.6645352591003757e-15,12.305530325110345,Conservative
0.0,10.747561395729925,Conservative
3.5555315910252937e-16,13.100791531264683,Conservative
3.552713678800501e-15,10.943520520249733,Conservative
0.0,13.100833707873322,Conservative
3.552713678800501e-15,10.61613707706053,Conservative
3.552713678800501e-15,11.548482670809475,Conservative
0.0,11.519731606959121,Conservative
0.0,13.100836194726085,Conservative
0.0,13.100904725541362,Conservative
2.1258922322500568e-16,70.63851208125841,Aggressive
0.0,12.371098035217075,Conservative
2.4949819987796218e-11,91.39678669745433,Aggressive
0.0,44.57430247050064,Normal
0.0,10.533419230273248,Conservative
2.6645352591003757e-15,12.307286708395104,Conservative
0.0,10.748063577960574,Conservative
2.8114413869325636e-16,13.100792487354187,Conservative
3.552713678800501e-15,10.950519692476512,Conservative
0.0,13.10082969694297,Conservative
3.552713678800501e-15,10.628652389487002,Conservative
3.552713678800501e-15,11.558171322443862,Conservative
0.0,11.529451488246984,Conservative
0.0,13.100831939720583,Conservative
0.0,13.10089347542555,Conservative
4.3996504707283313e-16,70.7594685054632,Aggressive
0.0,12.366064567369978,Conservative
1.582289854695773e-11,91.40088553736581,Aggressive
0.0,45.35386645326089,Normal
0.0,10.536002277512893,Conservative
2.6645352591003757e-15,12.309032353974127,Conservative
0.0,10.748669168823488,Conservative
2.067351155915048e-16,13.100793335504711,Conservative
3.552713678800501e-15,10.957491649888814,Conservative
0.0,13.100826163277956,Conservative
3.552713678800501e-15,10.641021385523697,Conservative
3.552713678800501e-15,11.567707842893293,Conservative
0.0,11.539021892733494,Conservative
0.0,13.100828184929286,Conservative
0.0,13.100883433858671,Conservative
7.224644304249605e-16,70.88021898042743,Aggressive
0.0,12.361411370769163,Conservative
1.000000082740371e-11,91.49935782425756,Aggressive
0.0,46.13693470604191,Normal
0.0,10.538572773294062,Conservative
2.6645352591003757e-15,12.31076748180383,Conservative
0.0,10.749375927707614,Conservative
1.3232609010124562e-16,13.100794087902159,Conservative
3.552713678800501e-15,10.96443574648909,Conservative
0.0,13.100823050087667,Conservative
3.552713678800501e-15,10.653246430399971,Conservative
3.552713678800501e-15,11.57709602223697,Conservative
0.0,11.54844639693165,Conservative
0.0,13.100824871547248,Conservative
0.0,13.100874471010163,Conservative
7.89381334810198e-16,71.00076445836774,Aggressive
0.0,12.357132839220588,Conservative
6.3016258877723885e-12,91.68239210403803,Aggressive
0.0,46.92347016281959,Normal
0.0,10.541131988126644,Conservative
2.6645352591003757e-15,12.312492295224473,Conservative
0.0,10.750181639211284,Conservative
5.791706249213266e-17,13.10079475535669,Conservative
3.552713678800501e-15,10.971351386714606,Conservative
0.0,13.100820307339156,Conservative
3.552713678800501e-15,10.665329859338316,Conservative
3.552713678800501e-15,11.586339527901728,Conservative
0.0,11.557728471971243,Conservative
0.0,13.10082194768265,Conservative
0.0,13.10086647099708,Conservative
8.563002120024033e-16,71.1211058360542,Aggressive
0.0,12.35322340909165,Conservative
3.962163930282259e-12,91.9411783865936,Aggressive
0.0,47.71343629137972,Normal
0.0,10.543681130961678,Conservative
2.6645352591003757e-15,12.314206982762387,Conservative
0.0,10.751084113302,Conservative
1.6491966996623204e-17,13.100795347458034,Conservative
3.552713678800501e-15,10.978238022132214,Conservative
0.0,13.10081789095302,Conservative
3.552713678800501e-15,10.677273976145942,Conservative
3.552713678800501e-15,11.59544190891333,Conservative
0.0,11.566871486379835,Conservative
0.0,13.100819367544094,Conservative
0.0,13.100859330385658,Conservative
9.232210514349286e-16,71.24124396097623,Aggressive
0.0,12.349677559654037,Conservative
2.4860113967406505e-12,92.26782089965552,Aggressive
0.0,48.50679708680192,Normal
0.0,10.546221352193868,Conservative
2.6645352591003757e-15,12.315911719727199,Conservative
0.0,10.75208118548422,Conservative
9.090099815281711e-17,13.1007958727133,Conservative
3.552713678800501e-15,10.985095148383925,Conservative
0.0,13.10081576209495,Conservative
3.552713678800501e-15,10.689081052040466,Conservative
3.552713678800501e-15,11.604406600051071,Conservative
0.0,11.575878708893047,Conservative
0.0,13.100817090723439,Conservative
0.0,13.100852956853823,Conservative
9.90143842813501e-16,71.36117963680793,Aggressive
0.0,12.346489813368294,Conservative
1.5569767697343195e-12,92.29958046180607,Aggressive
0.0,49.303517064340824,Normal
0.0,10.548753746448334,Conservative
2.6645352591003757e-15,12.317606669627462,Conservative
0.0,10.75317071697182,Conservative
1.653100307882013e-16,13.100796338669149,Conservative
3.552713678800501e-15,10.991922302362148,Conservative
0.0,13.100813886551627,Conservative
3.552713678800501e-15,10.700753324686785,Conservative
3.552713678800501e-15,11.613236925898262,Conservative
0.0,11.584753311276122,Conservative
0.0,13.100815081562894,Conservative
0.0,13.100847267997462,Conservative
1.0570685760910123e-15,71.48091362825437,Aggressive
0.0,12.343654736118932,Conservative
9.743317264110374e-13,91.8742685417145,Aggressive
0.0,50.03897796959785,Normal
0.0,10.551279355172719,Conservative
2.6645352591003757e-15,12.319291985425561,Conservative
0.0,10.754350594862416,Conservative
2.3971906473578055e-16,13.100796752020269,Conservative
3.552713678800501e-15,10.998719059595155,Conservative
0.0,13.10081223418083,Conservative
3.552713678800501e-15,10.712292997424093,Conservative
3.552713678800501e-15,11.621936104783046,Conservative
0.0,11.59349837114184,Conservative
0.0,13.10081330859661,Conservative
0.0,13.100842190264911,Conservative
1.123995241445138e-15,71.60044666534677,Aggressive
0.0,12.341166937407674,Conservative
6.119549311733863e-13,91.5480235933237,Aggressive
0.0,50.820197941909186,Normal
0.0,10.553799169053594,Conservative
2.6645352591003757e-15,12.320967810650217,Conservative
0.0,10.755618732310873,Conservative
3.1412809984741274e-16,13.100797118705538,Conservative
3.552713678800501e-15,11.005485031825081,Conservative
0.0,13.100810778427022,Conservative
3.552713678800501e-15,10.723702238663787,Conservative
3.552713678800501e-15,11.630507252605609,Conservative
0.0,11.602116874751593,Conservative
0.0,13.10081174405784,Conservative
0.0,13.100837658005965,Conservative
1.1909238292584608e-15,71.71977944725431,Aggressive
0.0,12.33890045645162,Conservative
3.8546943414985435e-13,91.305445851846,Aggressive
0.0,51.64213342899496,Normal
0.0,10.556314130274071,Conservative
2.6645352591003757e-15,12.32263428038306,Conservative
0.0,10.75697306869955,Conservative
3.885371359916805e-16,13.100797443993372,Conservative
3.552713678800501e-15,11.012219864762388,Conservative
0.0,13.100809495894532,Conservative
3.552713678800501e-15,10.73498318144047,Conservative
3.552713678800501e-15,11.638953386548943,Conservative
0.0,11.61061171978906,Conservative
0.0,13.100810363444085,Conservative
0.0,13.100833612622973,Conservative
1.2578543301008162e-15,71.83891264566022,Aggressive
0.0,12.336642872156276,Conservative
2.433608869978343e-13,91.13384466730903,Aggressive
0.0,52.50044037280065,Normal
0.0,10.558825134627622,Conservative
2.6645352591003757e-15,12.324291522133517,Conservative
0.0,10.758411569803279,Conservative
4.62946173052003e-16,13.100797732557378,Conservative
3.552713678800501e-15,11.018923236001926,Conservative
0.0,13.100808365971577,Conservative
3.552713678800501e-15,10.746137923099912,Conservative
3.552713678800501e-15,11.647277428671764,Conservative
0.0,11.618985718097157,Conservative
0.0,13.100809145133328,Conservative
0.0,13.100830001813248,Conservative
1.3247867347136038e-15,71.95784690775692,Aggressive
0.0,12.33439041138031,Conservative
1.5365486660812167e-13,91.0226800746876,Aggressive
0.0,53.3913558862189,Normal
0.0,10.561333033501558,Conservative
2.6645352591003757e-15,12.3259396566149,Conservative
0.0,10.759932227947093,Conservative
5.37355210924961e-16,13.10079798854355,Conservative
3.552713678800501e-15,11.025594853087254,Conservative
0.0,13.100807370499018,Conservative
3.552713678800501e-15,10.757168525109106,Conservative
3.552713678800501e-15,11.655482209382924,Conservative
0.0,11.627241598370837,Conservative
0.0,13.100808070045447,Conservative
0.0,13.100826778892744,Conservative
1.3917210339958444e-15,72.07658285890123,Aggressive
0.0,12.332143130975957,Conservative
9.681144774731365e-14,90.96313984372482,Aggressive
0.0,54.31160425896353,Normal
0.0,10.5638386357422,Conservative
2.6645352591003757e-15,12.327578798432935,Conservative
0.0,10.761533062154953,Conservative
6.117642495188108e-16,13.100798215629803,Conservative
3.552713678800501e-15,11.032234451710922,Conservative
0.0,13.100806493478464,Conservative
3.552713678800501e-15,10.768077012974944,Conservative
3.552713678800501e-15,11.663570470797453,Conservative
0.0,11.635382008799565,Conservative
0.0,13.100807121343314,Conservative
0.0,13.100823902192522,Conservative
1.4586572189917798e-15,72.19512110496812,Aggressive
0.0,12.3299010880632,Conservative
6.128431095930864e-14,90.9478141137613,Aggressive
0.0,55.258321453863005,Normal
0.0,10.566342709412467,Conservative
2.6645352591003757e-15,12.329209056696849,Conservative
0.0,10.763212118288095,Conservative
6.861732887521663e-16,13.100798417078833,Conservative
3.552713678800501e-15,11.038841794039552,Conservative
0.0,13.100805720815226,Conservative
3.552713678800501e-15,10.77886537625914,Conservative
3.552713678800501e-15,11.671544869975268,Conservative
0.0,11.643409519654528,Conservative
0.0,13.100806284169217,Conservative
0.0,13.100821334519944,Conservative
1.525595280879842e-15,72.31346223443875,Aggressive
0.0,12.327664340057956,Conservative
3.8191672047105385e-14,90.97044160838612,Aggressive
0.0,56.22899382219374,Normal
0.0,10.568845983451384,Conservative
2.6645352591003757e-15,12.330830535561718,Conservative
0.0,10.764967469171708,Conservative
7.605823285528296e-16,13.10079859578498,Conservative
3.552713678800501e-15,11.04541666715348,Conservative
0.0,13.100805040091728,Conservative
3.552713678800501e-15,10.789535568678295,Conservative
3.552713678800501e-15,11.679407982043816,Conservative
0.0,11.65132662581652,Conservative
0.0,13.100805545412053,Conservative
0.0,13.100819042677806,Conservative
1.5925352109628374e-15,72.43160682024828,Aggressive
0.0,12.325432944688885,Conservative
2.4868995751603507e-14,91.02570922081412,Aggressive
0.0,57.221407874941185,Normal
0.0,10.571349149244156,Conservative
2.6645352591003757e-15,12.332443334710069,Conservative
0.0,10.7667972147087,Conservative
8.349913688567537e-16,13.100798754315857,Conservative
3.552713678800501e-15,11.051958881591743,Conservative
0.0,13.100804440367991,Conservative
3.552713678800501e-15,10.800089508278802,Conservative
3.552713678800501e-15,11.68716230320664,Conservative
0.0,11.659135749241626,Conservative
0.0,13.100804893502074,Conservative
0.0,13.100816997035142,Conservative
1.6594770006592038e-15,72.54955542142932,Aggressive
0.0,12.323206960004832,Conservative
1.5987211554602254e-14,91.10909198680775,Aggressive
0.0,58.23360874106635,Normal
0.0,10.573852862110408,Conservative
2.6645352591003757e-15,12.33404754977955,Conservative
0.0,10.76869948197973,Conservative
9.094004096071223e-16,13.100798894949156,Conservative
3.552713678800501e-15,11.05846826999384,Conservative
0.0,13.100803912005798,Conservative
3.552713678800501e-15,10.810529077677485,Conservative
3.552713678800501e-15,11.694810253640092,Conservative
0.0,11.666839241362318,Conservative
0.0,13.100804318229633,Conservative
0.0,13.100815171144081,Conservative
1.726420641495223e-15,72.66730858456394,Aggressive
0.0,12.32098644437441,Conservative
9.769962616701378e-15,91.21672403487177,Aggressive
0.0,59.26386551990199,Normal
0.0,10.57635774271741,Conservative
2.6645352591003757e-15,12.335643272742935,Conservative
0.0,10.770672425328742,Conservative
9.838094507535332e-16,13.100799019705459,Conservative
3.552713678800501e-15,11.064944685830612,Conservative
0.0,13.10080344651377,Conservative
3.552713678800501e-15,10.820856124359485,Conservative
3.552713678800501e-15,11.702354180280741,Conservative
0.0,11.674439385422414,Conservative
0.0,13.100803810585354,Conservative
0.0,13.100813541397924,Conservative
1.793366125098075e-15,72.78486684507473,Aggressive
0.0,12.318771456479123,Conservative
5.329070518200751e-15,91.34529359018326,Aggressive
0.0,60.310642157318725,Normal
0.0,10.578864378424468,Conservative
2.6645352591003757e-15,12.337230592245852,Conservative
0.0,10.772714226433223,Conservative
1.0582184922512749e-15,13.100799130377231,Conservative
3.552713678800501e-15,11.071388002217187,Conservative
0.0,13.100803036410946,Conservative
3.552713678800501e-15,10.831072461025947,Conservative
3.552713678800501e-15,11.709796359506242,Conservative
0.0,11.681938398744997,Conservative
0.0,13.100803362618954,Conservative
0.0,13.100812086725899,Conservative
1.8603134431896433e-15,72.9022307283677,Aggressive
0.0,12.31656205530133,Conservative
2.6645352591003757e-15,91.49195686770864,Aggressive
0.0,61.37257278837358,Normal
0.0,10.581373324563913,Conservative
2.6645352591003757e-15,12.338809593907024,Conservative
0.0,10.774823094358856,Conservative
1.1326275340606833e-15,13.100799228554555,Conservative
3.552713678800501e-15,11.077798110801517,Conservative
0.0,13.100802675106518,Conservative
3.552713678800501e-15,10.841179865984603,Conservative
3.552713678800501e-15,11.71713899971271,Conservative
0.0,11.689338434932553,Conservative
0.0,13.10080296731479,Conservative
0.0,13.100810788320796,Conservative
1.927262587580983e-15,73.01940075084435,Aggressive
0.0,12.314358300107902,Conservative
1.7763568394002505e-15,91.50947620300208,Aggressive
0.0,62.44844072333466,Normal
0.0,10.583885105663574,Conservative
2.6645352591003757e-15,12.34038036058532,Conservative
0.0,10.776997265598071,Conservative
1.2070365761465723e-15,13.100799315648,Conservative
3.552713678800501e-15,11.084174920722685,Conservative
0.0,13.10080235679395,Conservative
3.552713678800501e-15,10.851180083577104,Conservative
3.552713678800501e-15,11.72438424379149,Conservative
0.0,11.696641585999568,Conservative
0.0,13.10080261848197,Conservative
0.0,13.10080962939574,Conservative
1.9942135501673776e-15,73.13637742080188,Aggressive
0.0,12.312160250430514,Conservative
1.7763568394002505e-15,91.55706237174451,Aggressive
0.0,63.53716043072344,Normal
0.0,10.58640021661521,Conservative
2.6645352591003757e-15,12.341942972617424,Conservative
0.0,10.779235004092286,Conservative
1.2814456184777282e-15,13.100799392908916,Conservative
3.552713678800501e-15,11.090518357633613,Conservative
0.0,13.100802076357587,Conservative
3.552713678800501e-15,10.86107482463763,Conservative
3.552713678800501e-15,11.731534171508747,Conservative
0.0,11.703849884437515,Conservative
0.0,13.100802310657397,Conservative
0.0,13.100808594967184,Conservative
2.061166322923917e-15,73.25316123922897,Aggressive
0.0,12.309967966043308,Conservative
1.7763568394002505e-15,91.69553452211825,Aggressive
0.0,64.63776200549685,Normal
0.0,10.588919123792728,Conservative
2.6645352591003757e-15,12.343497508029452,Conservative
0.0,10.781534601237713,Conservative
1.3558546610264614e-15,13.100799461447343,Conservative
3.552713678800501e-15,11.096828362783311,Conservative
0.0,13.100801829290532,Conservative
3.552713678800501e-15,10.870865766977673,Conservative
3.552713678800501e-15,11.738590801790828,Conservative
0.0,11.71096530521308,Conservative
0.0,13.100802039020184,Conservative
0.0,13.100807671661189,Conservative
2.1281208979015387e-15,73.36975270051157,Aggressive
0.0,12.307781506938463,Conservative
1.7763568394002505e-15,91.91545503880127,Aggressive
0.0,65.74937771365511,Normal
0.0,10.591442266123885,Conservative
2.6645352591003757e-15,12.34504404272543,Conservative
0.0,10.78389437587462,Conservative
1.4302637037682081e-15,13.100799522248035,Conservative
3.552713678800501e-15,11.103104892154148,Conservative
0.0,13.100801611622137,Conservative
3.552713678800501e-15,10.880554555892651,Conservative
3.552713678800501e-15,11.745556094918886,Conservative
0.0,11.717989767700331,Conservative
0.0,13.100801799316214,Conservative
0.0,13.100806847540495,Conservative
2.1950772672234777e-15,73.4861522930593,Aggressive
0.0,12.305600933300248,Conservative
1.7763568394002505e-15,92.20835526650943,Aggressive
0.0,66.8712302842812,Normal
0.0,10.593970056118453,Conservative
2.6645352591003757e-15,12.346582650655284,Conservative
0.0,10.786312674260117,Conservative
1.504672746681178e-15,13.100799576184533,Conservative
3.552713678800501e-15,11.109347915650156,Conservative
0.0,13.100801419854239,Conservative
3.552713678800501e-15,10.890142804686251,Conservative
3.552713678800501e-15,11.752431954635806,Conservative
0.0,11.724925137547878,Conservative
0.0,13.10080158779148,Conservative
0.0,13.100806111950202,Conservative
2.262035423082083e-15,73.60236049986055,Aggressive
0.0,12.303426305477988,Conservative
1.7763568394002505e-15,92.26042418934438,Aggressive
0.0,68.00262268210257,Normal
0.0,10.596502880855938,Conservative
2.6645352591003757e-15,12.348113403964755,Conservative
0.0,10.788787870024583,Conservative
1.57908178974604e-15,13.100799624031803,Conservative
3.552713678800501e-15,11.115557416332605,Conservative
0.0,13.100801250904926,Conservative
3.552713678800501e-15,10.899632095209032,Conservative
3.552713678800501e-15,11.759220230168797,Conservative
0.0,11.731773228482236,Conservative
0.0,13.10080140113325,Conservative
0.0,13.100805455380012,Conservative
2.3289953577359536e-15,73.71837779897331,Aggressive
0.0,12.301257683958278,Conservative
1.7763568394002505e-15,91.87918493662345,Aggressive
0.0,69.14292914232134,Normal
0.0,10.599041102935244,Conservative
2.6645352591003757e-15,12.349636373129112,Conservative
0.0,10.791318364111934,Conservative
1.6534908329456465e-15,13.10079966647728,Conservative
3.552713678800501e-15,11.121733389699388,Conservative
0.0,13.100801102058993,Conservative
3.552713678800501e-15,10.909023978407992,Conservative
3.552713678800501e-15,11.765922718170756,Conservative
0.0,11.738535804048832,Conservative
0.0,13.100801236418269,Conservative
0.0,13.100804869341252,Conservative
2.3959570635073633e-15,73.83420466396352,Aggressive
0.0,12.299095129336742,Conservative
1.7763568394002505e-15,91.58915340102712,Aggressive
0.0,70.29158728792787,Aggressive
0.0,10.601585061388704,Conservative
2.6645352591003757e-15,12.351151627072706,Conservative
0.0,10.79390258470392,Conservative
1.7278998762647854e-15,13.10079970413081,Conservative
3.552713678800501e-15,11.127875843005222,Conservative
0.0,13.100800970924334,Conservative
3.552713678800501e-15,10.91831997488433,Conservative
3.552713678800501e-15,11.772541164583544,Conservative
0.0,11.745214579291957,Conservative
0.0,13.100801091066922,Conservative
0.0,13.100804346257137,Conservative
2.0928461912382185e-15,73.94984156429003,Aggressive
0.0,12.29693870228962,Conservative
1.7763568394002505e-15,91.37632492660315,Aggressive
0.0,71.4480911802641,Aggressive
0.0,10.604135072562544,Conservative
2.6645352591003757e-15,12.352659233275771,Conservative
0.0,10.79653898712885,Conservative
1.8023089196899616e-15,13.1007997375334,Conservative
3.552713678800501e-15,11.13398479461973,Conservative
0.0,13.100800855393466,Conservative
3.552713678800501e-15,10.927521575456874,Conservative
3.552713678800501e-15,11.779077266426281,Conservative
0.0,11.751811222375357,Conservative
0.0,13.100800962802845,Conservative
0.0,13.100803879364827,Conservative
1.5737123326393602e-15,74.06528896564748,Aggressive
0.0,12.294788463545375,Conservative
1.7763568394002505e-15,91.22911242831978,Aggressive
0.0,72.61198517811509,Aggressive
0.0,10.606691430965757,Conservative
2.6645352591003757e-15,12.354159257870037,Conservative
0.0,10.799226053755072,Conservative
1.8767179632092043e-15,13.100799767164958,Conservative
3.552713678800501e-15,11.140060273420776,Conservative
0.0,13.100800753609684,Conservative
3.552713678800501e-15,10.936630241728944,Conservative
3.552713678800501e-15,11.785532673511605,Conservative
0.0,11.758327356144978,Conservative
0.0,13.100800849617286,Conservative
0.0,13.100803462627978,Conservative
1.0545649195930123e-15,74.18054733027036,Aggressive
0.0,12.29264447385644,Conservative
1.7763568394002505e-15,91.13785975210394,Aggressive
0.0,73.782858500354,Aggressive
0.0,10.609254410088935,Conservative
2.6645352591003757e-15,12.355651765724383,Conservative
0.0,10.801962293869561,Conservative
1.951127006811893e-15,13.100799793451214,Conservative
3.552713678800501e-15,11.146102318220771,Conservative
0.0,13.100800663937223,Conservative
3.552713678800501e-15,10.94564740665666,Conservative
3.552713678800501e-15,11.791908990092884,Conservative
0.0,11.764764559635598,Conservative
0.0,13.100800749737637,Conservative
0.0,13.100803090658669,Conservative
5.354040098081548e-16,74.07145302682143,Aggressive
0.0,12.2905067939713,Conservative
1.7763568394002505e-15,90.84224467663944,Aggressive
0.0,73.3016108325877,Aggressive
0.0,10.611824263194858,Conservative
2.6645352591003757e-15,12.357136820521673,Conservative
0.0,10.804746243542162,Conservative
2.025536050488608e-15,13.100799816769845,Conservative
3.552713678800501e-15,11.152110977223623,Conservative
0.0,13.100800584934941,Conservative
3.552713678800501e-15,10.954574475116983,Conservative
3.552713678800501e-15,11.798207776445098,Conservative
0.0,11.771124369522951,Conservative
0.0,13.100800661599688,Conservative
0.0,13.100802758647797,Conservative
