dataset,density_bin,windows,vehicles,median_speed_kmh,median_density,leader_share,median_metres,aggressive_metres,median_headway,aggressive_headway,median_mix,aggressive_mix
exiD,all,103652,64474,86.32917,21.9,0.7954781383861383,37.624036661772536,0.39525527727395515,40.389529913813824,0.4674777138887817,39.29808638915414,0.4395284220275537
highD,all,149028,103913,92.92912082239695,16.0,0.9089721394637249,39.24542641459578,0.4311001959363341,44.91937887370495,0.5491920981292107,42.34053796948332,0.5075019459430442
inD,all,3901,2716,13.652643520166473,3.7,0.33678543963086394,7.990720974522096,0.19712894129710332,4.329391496423249,0.007433991284286081,6.77618283058255,0.05613945142271212
rounD,all,17256,10164,21.002890880100725,7.5,0.2551866017617061,11.123265088895595,0.12424663885025498,5.044387074426149,0.025324524802967083,8.338778751810207,0.04636068613815485
uniD,all,2648,1273,19.216819064749977,4.8,0.7525302114803626,37.88692882744306,0.46034743202416917,4.164547861196873,0.010196374622356496,22.203324304120734,0.08006042296072508
exiD,q1 light,26234,18123,88.304733,11.6,0.6748418083403218,36.490252929156,0.36243043378821377,38.986162504561605,0.43256842265761986,37.816057365555594,0.4024548296104292
exiD,q2,25805,18670,86.55753,18.1,0.7798488664987405,36.734518733365604,0.37085836078279405,40.314865689593205,0.46611121875605505,38.653953950994065,0.42422011238132146
exiD,q3,25851,18116,83.90755200000001,26.3,0.8305365363042049,36.503269185614926,0.3645506943638544,40.14075980180933,0.46257398166415226,38.49304318861046,0.4207961007311129
exiD,q4 dense,25762,16364,84.86943600000001,41.3,0.8988005589628136,41.203720833125736,0.48392981911342287,42.54010691106198,0.5093160468907694,42.544009458695996,0.5114121574411925
highD,q1 light,37902,31522,107.86251807144923,9.6,0.8022953933829349,38.05319014219812,0.3946493588728827,42.47378610880483,0.5098939369954092,40.65833143880248,0.46926283573426203
highD,q2,36950,32456,106.86037768350226,14.0,0.9017753721244928,39.23524381371456,0.42330175913396484,47.02348955931117,0.5893369418132611,43.48181457957032,0.53234100135318
highD,q3,36970,30922,98.31090827099436,18.4,0.952193670543684,39.11484193700686,0.42656207736002166,51.0495757953875,0.633026778469029,45.10995302750804,0.5587773870705978
highD,q4 dense,37206,17121,75.36983597272553,29.2,0.9818443261839488,40.99815381715554,0.48048701822286727,39.5008438126605,0.4660538622802774,40.52715248481145,0.47083803687577275
inD,q1 light,1038,870,15.046427222083832,1.7,0.1316955684007707,4.318823611180019,0.046242774566473986,3.8450158424317245,0.0009633911368015414,4.254099602583694,0.011560693641618497
inD,q2,950,811,14.17674187339647,3.2,0.2730526315789473,7.075239578348395,0.12842105263157894,4.355690198964555,0.00631578947368421,6.187392214913985,0.02631578947368421
inD,q3,984,842,13.427079675296792,4.4,0.39796747967479673,13.07038675658627,0.22560975609756098,4.561023236736233,0.01016260162601626,8.914834694836745,0.059959349593495935
inD,q4 dense,929,654,12.117121130827892,6.5,0.5663078579117331,32.021148487635045,0.4058127018299246,5.743995218559002,0.012917115177610334,19.544737423531938,0.13240043057050593
rounD,q1 light,4490,3327,22.66766509866653,4.6,0.2280178173719377,8.266532441155253,0.11247216035634744,4.662761615439014,0.01804008908685969,6.5962393970840925,0.035634743875278395
rounD,q2,4204,3417,20.355458463735083,6.7,0.28729781160799245,12.580897749013461,0.16056137012369173,5.199822373927139,0.022597526165556613,9.182270667986625,0.050190294957183634
rounD,q3,4379,3540,19.993535604232115,8.5,0.2649691710436173,12.782856664036501,0.12628453984928065,5.206030669778725,0.028316967344142498,9.169118648495314,0.05092486869148207
rounD,q4 dense,4183,2882,20.78456208969364,10.7,0.24183600286875448,11.69139682980048,0.0982548410231891,5.289712440377105,0.032751613674396364,8.730583345634562,0.04924695194836242
uniD,q1 light,669,454,22.962566474279672,2.1,0.5479820627802691,7.497602331801874,0.17189835575485798,3.1000655179237273,0.005979073243647235,5.327476718175953,0.025411061285500747
uniD,q2,701,523,20.07927735675308,4.0,0.7369472182596292,34.821103496887986,0.4108416547788873,4.001263918914306,0.005706134094151213,20.44266835008509,0.06990014265335236
uniD,q3,640,465,18.43371898552202,5.6,0.840625,46.61932075758457,0.5625,5.618147598856256,0.0125,27.462144055256516,0.1
uniD,q4 dense,638,380,13.922673128918987,7.7,0.89576802507837,55.41391125606559,0.7147335423197492,6.554051206335339,0.017241379310344827,32.0889501714441,0.12852664576802508
