proximity,held_out_driver,original_auc,agent_auc,mean_phi_prox_normal,mean_phi_prox_aggressive
metres,D1,0.6063285744726188,0.5848652732309242,0.14735437038248514,0.08963015407647323
metres,D2,0.9225535554605186,0.8463745577543641,0.06837202623357168,0.3610780349404076
metres,D3,0.8340201866311179,0.7259950485621787,0.08888199943960959,0.2925445254404383
metres,D4,0.8806428610608305,0.7565273435357358,0.08357196810991269,0.3437051580514531
metres,D5,0.8838723860295128,0.8301503118903025,0.08066565358280375,0.26958657772094385
metres,D6,0.857001759313559,0.8298712923238372,0.03814452102973873,0.21280978500652936
headway,D1,0.5047265753636945,0.5416093601689169,0.247194871620172,0.1340934034477281
headway,D2,0.9041639127561136,0.8361650013607558,0.13273694996685284,0.5148887552472675
headway,D3,0.8100628451723482,0.7069205865549419,0.15348194775007362,0.4117905676411606
headway,D4,0.8598198124074379,0.7331056990839778,0.1471435186539225,0.4572281827826416
headway,D5,0.8472974086999533,0.8262207688714243,0.1524128512852161,0.3804594178861178
headway,D6,0.8481434612179388,0.830997870304639,0.06723834141181091,0.328302364675225
