group,decisions,desired_speed_kmh,desired_headway_s,discomfort,loglik_per_decision,theta_progress,theta_progress_sq,theta_headway,theta_headway_sq,theta_discomfort
planted conservative,369617,92.96648890406465,2.9370851363060555,-10.05277273077203,-1.5223592318446983,47.24383755398929,-33.03178895115873,56.95225623547262,-38.78148136155218,-10.05277273077203
planted normal,400000,98.3274217738846,2.4305888299016796,-5.906003506468368,-1.778844718189252,31.868371441688605,-21.066800149334608,31.0934296085531,-25.58510038887233,-5.906003506468368
planted aggressive,332628,91.3417720260058,1.6329414941360623,-4.423263103604782,-1.954971637485905,14.69316871832407,-10.455851090989912,15.707661301795644,-19.238486324466965,-4.423263103604782
highD,400000,148.20189874161963,4.076419822938585,-41.330400201409404,-0.9391247419623262,45.24056647701796,-19.842099500580463,70.42604816345978,-34.55289259813847,-41.330400201409404
highD q1 light,400000,178.26046206252877,4.806387810220543,-52.453888268172896,-0.8343597047973983,29.34175347076728,-10.699029686857177,67.28995815754017,-28.000220046518695,-52.453888268172896
highD q2,329977,212.61770971077775,4.6674689864762895,-49.65878091262914,-0.8468017182813322,33.01953043495755,-10.09450003572983,85.25240725700189,-36.530465442412414,-49.65878091262914
highD q3,314761,256.3587818305411,4.4582886583229495,-40.812557191879385,-0.9177726086450007,39.32591901284308,-9.971122181117616,106.88967393659722,-47.95098843007861,-40.812557191879385
highD q4 dense,262685,124.25928565007804,3.8823239599465222,-26.45060858472245,-1.0960451223987422,53.07537533195196,-27.763715029651877,59.73949904859351,-30.775123181331008,-26.45060858472245
exiD,400000,127.15583707611461,4.340537913226019,-27.632323269664965,-1.1632479065234969,41.760734653819355,-21.34740972113933,35.926237991881756,-16.553818310127507,-27.632323269664965
exiD q1 light,276155,121.72427545184874,5.824535560379588,-26.96499094459654,-1.1859712621358833,40.38444614359725,-21.565041069989405,27.52879725604944,-9.452701239669443,-26.96499094459654
exiD q2,205313,127.40234819786961,5.168262353504226,-28.708616343186353,-1.150867660541045,48.521644561804635,-24.755484817430073,29.107606600758913,-11.263981822061778,-28.708616343186353
exiD q3,172158,137.0074624309561,4.674575150439571,-28.84461728465505,-1.1377731808099019,39.33653812201796,-18.662304465493516,41.625605476873744,-17.809364118559312,-28.84461728465505
exiD q4 dense,207336,127.03667931247855,3.78211644730821,-25.772399369570937,-1.1713391884916908,42.53636036429244,-21.764292318111796,43.10400781216755,-22.793591055529415,-25.772399369570937
NGSIM US-101,30644,74.41043368306718,3.5212603207975812,-4.371550073513642,-1.7483743502381195,60.13806612428965,-52.5326100735837,34.91301288435572,-19.829839150573093,-4.371550073513642
