held_out_driver,method,balanced_acc,balanced_reward,acc_normal,acc_aggressive,seconds,reward,episodes
D1,rl_ppo,0.7019370460048426,0.23906682808716706,0.6610169491525424,0.7428571428571429,20.329787234042552,0.24857446808510633,94
D1,stopping_rule,0.5309927360774819,-0.3390130750605327,0.576271186440678,0.4857142857142857,71.06382978723404,-0.24651063829787231,94
D1,reference_T10,0.5680387409200969,-0.11049394673123483,0.5932203389830508,0.5428571428571428,10.0,-0.039276595744680794,94
D1,weight_agent_T10,0.7564164648910412,0.43769007263922516,0.6271186440677966,0.8857142857142857,10.0,0.38625531914893624,94
D1,reference_T30,0.5738498789346247,-0.12458595641646489,0.576271186440678,0.5714285714285714,30.0,-0.06863829787234037,94
D1,weight_agent_T30,0.7595641646489104,0.43255690072639225,0.576271186440678,0.9428571428571428,30.0,0.3462553191489362,94
D1,reference_T60,0.5653753026634383,-0.20153510895883778,0.559322033898305,0.5714285714285714,60.0,-0.1499148936170213,94
D1,weight_agent_T60,0.771186440677966,0.4243728813559322,0.5423728813559322,1.0,60.0,0.3075319148936169,94
D1,reference_T120,0.6024213075060533,-0.2188716707021792,0.576271186440678,0.6285714285714286,120.0,-0.18480851063829784,94
D1,weight_agent_T120,0.771186440677966,0.3043728813559322,0.5423728813559322,1.0,120.0,0.1875319148936171,94
D2,rl_ppo,0.8670329670329671,0.6133739926739927,0.8769230769230769,0.8571428571428571,27.205607476635514,0.6298317757009345,107
D2,stopping_rule,0.8481684981684982,0.5468956043956045,0.8153846153846154,0.8809523809523809,50.66355140186916,0.5361869158878505,107
D2,reference_T10,0.8236263736263736,0.5221098901098902,0.8615384615384616,0.7857142857142857,10.0,0.5614392523364485,107
D2,weight_agent_T10,0.8173992673992674,0.5572747252747252,0.7538461538461538,0.8809523809523809,10.0,0.5427476635514018,107
D2,reference_T30,0.8131868131868132,0.4969450549450549,0.7692307692307693,0.8571428571428571,30.0,0.49340186915887857,107
D2,weight_agent_T30,0.8216117216117216,0.5376043956043955,0.7384615384615385,0.9047619047619048,30.0,0.5120934579439252,107
D2,reference_T60,0.8285714285714285,0.46771428571428575,0.8,0.8571428571428571,60.0,0.47078504672897187,107
D2,weight_agent_T60,0.83003663003663,0.5182637362637362,0.7076923076923077,0.9523809523809523,60.0,0.47078504672897187,107
D2,reference_T120,0.8915750915750915,0.5213406593406593,0.8307692307692308,0.9523809523809523,120.0,0.5003177570093459,107
D2,weight_agent_T120,0.8615384615384616,0.485076923076923,0.7230769230769231,1.0,120.0,0.425551401869159,107
D3,rl_ppo,0.6994633273703041,0.2843542039355993,0.5384615384615384,0.8604651162790697,26.61111111111111,0.2265555555555555,108
D3,stopping_rule,0.6611806797853309,0.17837495527728087,0.4153846153846154,0.9069767441860465,55.851851851851855,0.0754814814814815,108
D3,reference_T10,0.7683363148479427,0.40239355992844367,0.7692307692307693,0.7674418604651163,10.0,0.42644444444444446,108
D3,weight_agent_T10,0.7955277280858677,0.4916601073345259,0.7538461538461538,0.8372093023255814,10.0,0.49125925925925934,108
D3,reference_T30,0.8225402504472272,0.5173130590339892,0.7846153846153846,0.8604651162790697,30.0,0.5160740740740741,108
D3,weight_agent_T30,0.845438282647585,0.5398533094812165,0.8769230769230769,0.813953488372093,30.0,0.5716296296296297,108
D3,reference_T60,0.8225402504472272,0.4573130590339893,0.7846153846153846,0.8604651162790697,60.0,0.4560740740740738,108
D3,weight_agent_T60,0.845438282647585,0.4798533094812165,0.8769230769230769,0.813953488372093,60.0,0.5116296296296295,108
D3,reference_T120,0.8379248658318426,0.36808228980322,0.8153846153846154,0.8604651162790697,120.0,0.37311111111111117,108
D3,weight_agent_T120,0.868515205724508,0.4060071556350626,0.9230769230769231,0.813953488372093,120.0,0.44718518518518524,108
D4,rl_ppo,0.797584541062802,0.4375632850241546,0.8840579710144928,0.7111111111111111,7.2631578947368425,0.5050175438596491,114
D4,stopping_rule,0.8091787439613527,0.4827594202898551,0.8405797101449275,0.7777777777777778,14.68421052631579,0.5164912280701754,114
D4,reference_T10,0.7724637681159421,0.39359420289855074,0.8115942028985508,0.7333333333333333,10.0,0.43814035087719305,114
D4,weight_agent_T10,0.8599033816425121,0.5906956521739131,0.9420289855072463,0.7777777777777778,10.0,0.6486666666666667,114
D4,reference_T30,0.8057971014492754,0.4535942028985507,0.8115942028985508,0.8,30.0,0.47708771929824567,114
D4,weight_agent_T30,0.9004830917874396,0.6651884057971015,0.9565217391304348,0.8444444444444444,30.0,0.705157894736842,114
D4,reference_T60,0.8497584541062801,0.5037391304347826,0.855072463768116,0.8444444444444444,60.0,0.5223508771929822,114
D4,weight_agent_T60,0.8966183574879227,0.5863478260869566,0.9710144927536232,0.8222222222222222,60.0,0.6363859649122807,114
D4,reference_T120,0.9202898550724637,0.6025797101449275,0.8405797101449275,1.0,120.0,0.5690175438596493,114
D4,weight_agent_T120,0.9410628019323671,0.5996811594202899,0.9710144927536232,0.9111111111111111,120.0,0.6216491228070178,114
D5,rl_ppo,0.7690045248868779,0.34749592760181,0.8615384615384616,0.6764705882352942,13.88888888888889,0.4590707070707071,99
D5,stopping_rule,0.8622171945701358,0.5482271493212669,0.7538461538461538,0.9705882352941176,90.29292929292929,0.46787878787878795,99
D5,reference_T10,0.8194570135746606,0.5326787330316742,0.8153846153846154,0.8235294117647058,10.0,0.5577575757575757,99
D5,weight_agent_T10,0.8257918552036199,0.5747601809954751,0.7692307692307693,0.8823529411764706,10.0,0.5577575757575758,99
D5,reference_T30,0.8558823529411765,0.6096470588235294,0.8,0.9117647058823529,30.0,0.5884646464646465,99
D5,weight_agent_T30,0.8846153846153846,0.7112307692307692,0.7692307692307693,1.0,30.0,0.638969696969697,99
D5,reference_T60,0.8622171945701358,0.5917285067873304,0.7538461538461538,0.9705882352941176,60.0,0.5284646464646463,99
D5,weight_agent_T60,0.8769230769230769,0.6358461538461538,0.7538461538461538,1.0,60.0,0.5587676767676766,99
D5,reference_T120,0.8692307692307693,0.5004615384615385,0.7384615384615385,1.0,120.0,0.4185656565656566,99
D5,weight_agent_T120,0.8923076923076922,0.5466153846153846,0.7846153846153846,1.0,120.0,0.47917171717171725,99
D6,rl_ppo,0.6203703703703703,-0.12875925925925924,0.9444444444444444,0.2962962962962963,7.08641975308642,0.21004938271604942,81
D6,stopping_rule,0.7407407407407407,0.23874074074074073,0.9259259259259259,0.5555555555555556,8.987654320987655,0.44081481481481477,81
D6,reference_T10,0.7407407407407407,0.2412592592592593,0.9259259259259259,0.5555555555555556,10.0,0.43879012345679014,81
D6,weight_agent_T10,0.7685185185185185,0.31533333333333335,0.9444444444444444,0.5925925925925926,10.0,0.5005185185185186,81
D6,reference_T30,0.7592592592592593,0.23829629629629628,0.9629629629629629,0.5555555555555556,30.0,0.4481728395061728,81
D6,weight_agent_T30,0.75,0.20125925925925925,0.9814814814814815,0.5185185185185185,30.0,0.43582716049382725,81
D6,reference_T60,0.787037037037037,0.25237037037037036,0.9814814814814815,0.5925925925925926,60.0,0.4499012345679012,81
D6,weight_agent_T60,0.7685185185185186,0.19681481481481483,0.9814814814814815,0.5555555555555556,60.0,0.4128641975308642,81
D6,reference_T120,0.8333333333333333,0.262,1.0,0.6666666666666666,120.0,0.4286666666666667,81
D6,weight_agent_T120,0.8333333333333333,0.262,1.0,0.6666666666666666,120.0,0.4286666666666667,81
