,balanced_acc,acc_conservative,acc_normal,acc_aggressive,seconds,balanced_reward,episodes
rl_ppo,0.7359501452564187,0.8519736842105263,0.4718269778030734,0.8840497737556561,28.18887509872504,0.42294619669031003,8863.0
refit_env_T60,0.7413249577699363,0.8349780701754386,0.5830013280212484,0.8059954751131222,60.0,0.36464991553987275,8863.0
refit_env_T30,0.6773586127409225,0.8135964912280702,0.479225953329539,0.7392533936651584,30.0,0.2967172254818449,8863.0
refit_T60,0.6892336927216758,0.8141447368421053,0.4503889205084424,0.8031674208144797,60.0,0.2604673854433515,8863.0
refit_env_T10,0.6302013737276556,0.7044956140350878,0.4581673306772908,0.7279411764705882,10.0,0.24240274745531118,8863.0
reference_T60,0.6777764178131749,0.7807017543859649,0.42231075697211157,0.830316742081448,60.0,0.23755283562634957,8863.0
refit_T30,0.6400085822539198,0.774671052631579,0.4230696262568773,0.7222850678733032,30.0,0.22201716450783948,8863.0
reference_T30,0.6387856184594155,0.7494517543859649,0.3716562322140011,0.7952488687782805,30.0,0.219571236918831,8863.0
reference_T10,0.6081344725845669,0.7467105263157895,0.3661544298994498,0.7115384615384616,10.0,0.19826894516913388,8863.0
refit_T10,0.6072190657074805,0.5948464912280702,0.5152722443559097,0.7115384615384616,10.0,0.19643813141496091,8863.0
