method,balanced_acc_mean,balanced_acc_std,acc_normal_mean,acc_normal_std,acc_aggressive_mean,acc_aggressive_std,seconds_mean,seconds_std,reward_mean,reward_std,balanced_reward_mean,balanced_reward_std
weight_agent_T30,0.8269521075518402,0.06255378367673935,0.8164816319446632,0.15265004905495413,0.8374225831590172,0.16993078265554024,30.0,0.0,0.5349888598204763,0.1319770073654353,0.5146155066831891,0.18298685621066121
weight_agent_T10,0.8039262026234711,0.0384043967685407,0.7984191918237608,0.12338273813529549,0.8094332134231815,0.1140565759370092,10.0,0.0,0.5212008338170597,0.08669803663186783,0.4945690119585329,0.10485424644671092
weight_agent_T60,0.8314535510486166,0.05311205715572031,0.8055550656754292,0.17025634315505844,0.8573520364218039,0.16966203557434736,60.0,0.0,0.48299407174383996,0.11484331527695542,0.47358312030813504,0.15498592592887864
weight_agent_T120,0.8613239892523881,0.05705835990830379,0.8240261008131311,0.17518900822760325,0.8986218776916451,0.13561748270139712,120.0,0.0,0.43162600143222724,0.14017064703173904,0.4339589173505987,0.1340985477973768
rl_ppo,0.7915832099544612,0.08984314508935531,0.836066339566708,0.08342660916148584,0.7471000803422144,0.21346057405593807,12.354527167321729,7.986212452036224,0.502320147198467,0.1846790943985197,0.4338974671056816,0.28920489125252813
reference_T30,0.7717526093697294,0.1018377075912224,0.7841124176913908,0.12362433027375185,0.7593928010480678,0.1558954794910136,30.0,0.0,0.4090938084382795,0.23879063292159278,0.3652016192634926,0.2698362003162193
reference_T60,0.7859166112325912,0.11108375979419258,0.7890562529349068,0.13823361245328822,0.7827769695302754,0.16216036815887327,60.0,0.0,0.379610164235259,0.26154532233745187,0.3452217072303201,0.2901815519381036
reference_T120,0.8257958704249256,0.11423023307324505,0.800244380200165,0.1390477261685341,0.8513473606496862,0.16626617764347168,120.0,0.0,0.3508117040956886,0.2712947178336021,0.3392654211746944,0.29892720381827964
reference_T10,0.7487771586376262,0.0940984830804825,0.7961490523268956,0.11281048531474054,0.7014052649483565,0.12150077898103034,10.0,0.0,0.3972158585212952,0.2224977179636041,0.33025694974943054,0.24049090165651044
stopping_rule,0.74207976555059,0.12751022156717115,0.7212320345211527,0.19006742876490668,0.7629274965800273,0.19893408884585503,48.59067119686463,31.683401916656038,0.2983904316392063,0.31614291364115016,0.2759974658273692,0.3404119537858746
