method,scenario,balanced_acc,acc_conservative,acc_normal,acc_aggressive,seconds,balanced_reward,episodes
rl_ppo,highway_low,0.6417010995321394,0.6028368794326241,0.4630071599045346,0.8592592592592593,25.044604316546764,0.24338854177049815,695
rl_ppo,highway_medium,0.6909182046024153,0.7087719298245614,0.44761904761904764,0.9163636363636364,19.99357142857143,0.35091551226551226,1400
rl_ppo,jam_jam,0.6652604932491081,0.6280834914611005,0.4422077922077922,0.9254901960784314,11.346138921226233,0.3144020264997494,2577
rl_ppo,merge_medium,0.6870115819132098,0.9970588235294118,0.18421052631578946,0.8797653958944281,4.153485647334505,0.3677295273495746,1707
rl_ppo,roundabout_medium,0.7039243556421919,0.40625,0.7160493827160493,0.9894736842105263,2.0368663594470044,0.40549565554833583,434
rl_ppo,urban_medium,0.7378988742717555,0.708029197080292,0.5139318885448917,0.9917355371900827,1.8209982788296042,0.4738430264420103,581
rl_ppo,weather_medium,0.6598877710195429,0.6140939597315436,0.5511363636363636,0.8144329896907216,12.323349217154528,0.29970417733342564,1469
reference_T10,highway_low,0.6066242752171762,0.5460992907801419,0.6515513126491647,0.6222222222222222,10.0,0.1952485504343525,695
reference_T10,highway_medium,0.6058209918736236,0.6596491228070176,0.5869047619047619,0.5709090909090909,10.0,0.19364198374724692,1400
reference_T10,jam_jam,0.5792801969272557,0.7058823529411765,0.5103896103896104,0.5215686274509804,10.0,0.1405603938545115,2577
reference_T10,merge_medium,0.5916569962976301,1.0,0.0682261208576998,0.7067448680351907,10.0,0.16531399259526033,1707
reference_T10,roundabout_medium,0.653377914951989,0.4375,0.522633744855967,1.0,10.0,0.288755829903978,434
reference_T10,urban_medium,0.7648414725090958,0.8394160583941606,0.4551083591331269,1.0,10.0,0.5116829450181917,581
reference_T10,weather_medium,0.37040035552368633,0.9731543624161074,0.06931818181818182,0.06872852233676977,10.0,-0.2771992889526274,1469
refit_T10,highway_low,0.5766414461991571,0.3404255319148936,0.5894988066825776,0.8,10.0,0.13528289239831412,695
refit_T10,highway_medium,0.6305077086656034,0.4456140350877193,0.675,0.7709090909090909,10.0,0.24301541733120677,1400
refit_T10,jam_jam,0.6052031565314298,0.5275142314990512,0.6214285714285714,0.6666666666666666,10.0,0.19240631306285952,2577
refit_T10,merge_medium,0.6537387423285755,0.9794117647058823,0.2046783625730994,0.7771260997067448,10.0,0.2894774846571511,1707
refit_T10,roundabout_medium,0.5287637174211248,0.3229166666666667,0.26337448559670784,1.0,10.0,0.03952743484224961,434
refit_T10,urban_medium,0.6628852078672421,0.7007299270072993,0.28792569659442724,1.0,10.0,0.3077704157344843,581
refit_T10,weather_medium,0.4330648472548078,0.9463087248322147,0.13295454545454546,0.21993127147766323,10.0,-0.1518703054903844,1469
refit_env_T10,highway_low,0.5766414461991571,0.3404255319148936,0.5894988066825776,0.8,10.0,0.13528289239831412,695
refit_env_T10,highway_medium,0.6305077086656034,0.4456140350877193,0.675,0.7709090909090909,10.0,0.24301541733120677,1400
refit_env_T10,jam_jam,0.6052031565314298,0.5275142314990512,0.6214285714285714,0.6666666666666666,10.0,0.19240631306285952,2577
refit_env_T10,merge_medium,0.6537387423285755,0.9794117647058823,0.2046783625730994,0.7771260997067448,10.0,0.2894774846571511,1707
refit_env_T10,roundabout_medium,0.7913237311385459,0.625,0.7489711934156379,1.0,10.0,0.564647462277092,434
refit_env_T10,urban_medium,0.7915775105360959,0.9124087591240876,0.47058823529411764,0.9917355371900827,10.0,0.565155021072192,581
refit_env_T10,weather_medium,0.6017484224378987,0.5939597315436241,0.5068181818181818,0.7044673539518901,10.0,0.18549684487579735,1469
reference_T30,highway_low,0.6296949533361795,0.5035460992907801,0.7040572792362768,0.6814814814814815,30.0,0.20138990667235893,695
reference_T30,highway_medium,0.6318967874231033,0.6631578947368421,0.6107142857142858,0.6218181818181818,30.0,0.2057935748462064,1400
reference_T30,jam_jam,0.661243774147,0.7210626185958254,0.5116883116883116,0.7509803921568627,30.0,0.26448754829399984,2577
reference_T30,merge_medium,0.6361692257977088,0.9911764705882353,0.19005847953216373,0.7272727272727273,30.0,0.21433845159541745,1707
reference_T30,roundabout_medium,0.5638288751714677,0.5104166666666666,0.18106995884773663,1.0,30.0,0.06965775034293546,434
reference_T30,urban_medium,0.7260024255572378,0.948905109489051,0.22910216718266255,1.0,30.0,0.39400485111447575,581
reference_T30,weather_medium,0.44240257693519996,0.9832214765100671,0.1,0.24398625429553264,30.0,-0.1731948461296002,1469
refit_T30,highway_low,0.6018443603135287,0.2907801418439716,0.7517899761336515,0.762962962962963,30.0,0.14568872062705737,695
refit_T30,highway_medium,0.6294258373205741,0.41403508771929826,0.7833333333333333,0.6909090909090909,30.0,0.20085167464114828,1400
refit_T30,jam_jam,0.6617593665031996,0.573055028462998,0.6298701298701299,0.7823529411764706,30.0,0.265518733006399,2577
refit_T30,merge_medium,0.6878432616722839,0.9852941176470589,0.3216374269005848,0.7565982404692082,30.0,0.3176865233445679,1707
refit_T30,roundabout_medium,0.5333076131687243,0.4270833333333333,0.1728395061728395,1.0,30.0,0.00861522633744849,434
refit_T30,urban_medium,0.7041799432027901,0.9051094890510949,0.20743034055727555,1.0,30.0,0.3503598864055803,581
refit_T30,weather_medium,0.4823727659211641,0.959731543624161,0.2159090909090909,0.27147766323024053,30.0,-0.09325446815767169,1469
refit_env_T30,highway_low,0.6386707566077563,0.46808510638297873,0.684964200477327,0.762962962962963,30.0,0.2193415132155124,695
refit_env_T30,highway_medium,0.6501651856915015,0.5964912280701754,0.6630952380952381,0.6909090909090909,30.0,0.24233037138300292,1400
refit_env_T30,jam_jam,0.6608668687416316,0.6736242884250474,0.5266233766233767,0.7823529411764706,30.0,0.263733737483263,2577
refit_env_T30,merge_medium,0.6566656444265552,0.9911764705882353,0.2222222222222222,0.7565982404692082,30.0,0.25533128885311046,1707
refit_env_T30,roundabout_medium,0.7938528806584362,0.7395833333333334,0.6419753086419753,1.0,30.0,0.5297057613168724,434
refit_env_T30,urban_medium,0.7440489897568424,1.0,0.28173374613003094,0.9504132231404959,30.0,0.43009797951368456,581
refit_env_T30,weather_medium,0.6421618104521308,0.7080536912751678,0.4727272727272727,0.7457044673539519,30.0,0.22632362090426153,1469
reference_T60,highway_low,0.6543940850073316,0.475177304964539,0.7398568019093079,0.7481481481481481,60.0,0.19078817001466333,695
reference_T60,highway_medium,0.7095841877420824,0.6456140350877193,0.694047619047619,0.7890909090909091,60.0,0.3011683754841649,1400
reference_T60,jam_jam,0.6386149376661711,0.5559772296015181,0.44025974025974024,0.9196078431372549,60.0,0.15922987533234212,2577
reference_T60,merge_medium,0.7374847882937366,0.9264705882352942,0.47953216374269003,0.8064516129032258,60.0,0.35696957658747325,1707
reference_T60,roundabout_medium,0.7397976680384089,0.7708333333333334,0.448559670781893,1.0,60.0,0.3615953360768176,434
reference_T60,urban_medium,0.7271789098414486,1.0,0.2724458204334365,0.9090909090909091,60.0,0.33635781968289696,581
reference_T60,weather_medium,0.520031089976776,0.9865771812080537,0.18863636363636363,0.3848797250859107,60.0,-0.07793782004644804,1469
refit_T60,highway_low,0.6411406446985926,0.3900709219858156,0.7852028639618138,0.7481481481481481,60.0,0.16428128939718503,695
refit_T60,highway_medium,0.712717019822283,0.5859649122807018,0.763095238095238,0.7890909090909091,60.0,0.3074340396445659,1400
refit_T60,jam_jam,0.6348054960009419,0.5218216318785579,0.462987012987013,0.9196078431372549,60.0,0.1516109920018838,2577
refit_T60,merge_medium,0.7498018008687471,0.9117647058823529,0.5311890838206628,0.8064516129032258,60.0,0.38160360173749425,1707
refit_T60,roundabout_medium,0.732681755829904,0.7083333333333334,0.4897119341563786,1.0,60.0,0.34736351165980794,434
refit_T60,urban_medium,0.7257778115611836,0.9927007299270073,0.2755417956656347,0.9090909090909091,60.0,0.33355562312236736,581
refit_T60,weather_medium,0.5344606201781184,0.9798657718120806,0.23863636363636365,0.3848797250859107,60.0,-0.04907875964376348,1469
refit_env_T60,highway_low,0.6383556731633037,0.5319148936170213,0.7016706443914081,0.6814814814814815,60.0,0.15871134632660722,695
refit_env_T60,highway_medium,0.6957890939469887,0.712280701754386,0.6369047619047619,0.7381818181818182,60.0,0.2735781878939773,1400
refit_env_T60,jam_jam,0.6506831667173223,0.5863377609108159,0.4461038961038961,0.9196078431372549,60.0,0.1833663334346446,2577
refit_env_T60,merge_medium,0.72746208828635,0.9588235294117647,0.4317738791423002,0.7917888563049853,60.0,0.3369241765727002,1707
refit_env_T60,roundabout_medium,0.7173353909465021,0.6458333333333334,0.5061728395061729,1.0,60.0,0.3166707818930041,434
refit_env_T60,urban_medium,0.7412662165795633,0.9927007299270073,0.29721362229102166,0.9338842975206612,60.0,0.3645324331591267,581
refit_env_T60,weather_medium,0.6655424549235524,0.7483221476510067,0.46136363636363636,0.7869415807560137,60.0,0.21308490984710451,1469
