method,balanced_acc_mean,balanced_acc_std,acc_normal_mean,acc_normal_std,acc_aggressive_mean,acc_aggressive_std,seconds_mean,seconds_std,reward_mean,reward_std
rl_ppo,0.7764253774721025,0.08997729967836904,0.8985747637553091,0.056781938878096586,0.6542759911888959,0.18641209974802195,9.051631723610127,6.918539869911305,0.6050062434452135,0.12322044672897564
weight_agent_T30,0.8269521075518402,0.06255378367673935,0.8164816319446632,0.15265004905495413,0.8374225831590172,0.16993078265554024,30.0,0.0,0.5940940570406882,0.13247523697912564
weight_agent_T10,0.8039262026234711,0.0384043967685407,0.7984191918237608,0.12338273813529549,0.8094332134231815,0.1140565759370092,10.0,0.0,0.5908712981591014,0.10076753469149553
weight_agent_T60,0.8314535510486166,0.05311205715572031,0.8055550656754292,0.17025634315505844,0.8573520364218039,0.16966203557434736,60.0,0.0,0.5348422800111333,0.1319542970367761
stopping_rule,0.7767684383917165,0.1227083156798401,0.8398907637301152,0.11678602177442118,0.7136461130533177,0.18875447339114138,33.41661338227686,19.35709952416826,0.5234785611637275,0.255298996951433
reference_T10,0.7487771586376262,0.0940984830804825,0.7961490523268956,0.11281048531474054,0.7014052649483565,0.12150077898103034,10.0,0.0,0.5073716709765778,0.19020081949409048
reference_T30,0.7717526093697294,0.1018377075912224,0.7841124176913908,0.12362433027375185,0.7593928010480678,0.1558954794910136,30.0,0.0,0.49719436458295174,0.2006928764881845
weight_agent_T120,0.8613239892523881,0.05705835990830379,0.8240261008131311,0.17518900822760325,0.8986218776916451,0.13561748270139712,120.0,0.0,0.46833815217946567,0.15760618330327597
reference_T60,0.7859166112325912,0.11108375979419258,0.7890562529349068,0.13823361245328822,0.7827769695302754,0.16216036815887327,60.0,0.0,0.45936212723601644,0.22236413487862502
reference_T120,0.8257958704249256,0.11423023307324505,0.800244380200165,0.1390477261685341,0.8513473606496862,0.16626617764347168,120.0,0.0,0.4047543920610452,0.22920321451092085
