held_out_driver,method,balanced_acc,acc_normal,acc_aggressive,seconds,reward,episodes
D1,rl_ppo,0.7353510895883777,0.8135593220338984,0.6571428571428571,21.69148936170213,0.46925531914893615,94
D1,stopping_rule,0.5564164648910411,0.6271186440677966,0.4857142857142857,65.73404255319149,0.01946808510638299,94
D1,reference_T10,0.5680387409200969,0.5932203389830508,0.5428571428571428,10.0,0.130936170212766,94
D1,weight_agent_T10,0.7564164648910412,0.6271186440677966,0.8857142857142857,10.0,0.42880851063829795,94
D1,reference_T30,0.5738498789346247,0.576271186440678,0.5714285714285714,30.0,0.09093617021276601,94
D1,weight_agent_T30,0.7595641646489104,0.576271186440678,0.9428571428571428,30.0,0.36753191489361703,94
D1,reference_T60,0.5653753026634383,0.559322033898305,0.5714285714285714,60.0,0.009659574468085075,94
D1,weight_agent_T60,0.771186440677966,0.5423728813559322,1.0,60.0,0.3075319148936169,94
D1,reference_T120,0.6024213075060533,0.576271186440678,0.6285714285714286,120.0,-0.04651063829787235,94
D1,weight_agent_T120,0.771186440677966,0.5423728813559322,1.0,120.0,0.1875319148936171,94
D2,rl_ppo,0.8543956043956045,0.9230769230769231,0.7857142857142857,10.542056074766355,0.7192336448598129,107
D2,stopping_rule,0.8866300366300366,0.8923076923076924,0.8809523809523809,23.738317757009344,0.7302242990654205,107
D2,reference_T10,0.8236263736263736,0.8615384615384616,0.7857142857142857,10.0,0.6455514018691588,107
D2,weight_agent_T10,0.8173992673992674,0.7538461538461538,0.8809523809523809,10.0,0.5894766355140186,107
D2,reference_T30,0.8131868131868132,0.7692307692307693,0.8571428571428571,30.0,0.5494766355140187,107
D2,weight_agent_T30,0.8216117216117216,0.7384615384615385,0.9047619047619048,30.0,0.5494766355140187,107
D2,reference_T60,0.8285714285714285,0.8,0.8571428571428571,60.0,0.526859813084112,107
D2,weight_agent_T60,0.83003663003663,0.7076923076923077,0.9523809523809523,60.0,0.4894766355140186,107
D2,reference_T120,0.8915750915750915,0.8307692307692308,0.9523809523809523,120.0,0.5190093457943926,107
D2,weight_agent_T120,0.8615384615384616,0.7230769230769231,1.0,120.0,0.425551401869159,107
D3,rl_ppo,0.8608228980322004,0.9076923076923077,0.813953488372093,5.638888888888889,0.731462962962963,108
D3,stopping_rule,0.8182468694096601,0.8923076923076924,0.7441860465116279,45.870370370370374,0.576925925925926,108
D3,reference_T10,0.7683363148479427,0.7692307692307693,0.7674418604651163,10.0,0.519037037037037,108
D3,weight_agent_T10,0.7955277280858677,0.7538461538461538,0.8372093023255814,10.0,0.5560740740740742,108
D3,reference_T30,0.8225402504472272,0.7846153846153846,0.8604651162790697,30.0,0.5716296296296296,108
D3,weight_agent_T30,0.845438282647585,0.8769230769230769,0.813953488372093,30.0,0.6457037037037034,108
D3,reference_T60,0.8225402504472272,0.7846153846153846,0.8604651162790697,60.0,0.5116296296296293,108
D3,weight_agent_T60,0.845438282647585,0.8769230769230769,0.813953488372093,60.0,0.5857037037037035,108
D3,reference_T120,0.8379248658318426,0.8153846153846154,0.8604651162790697,120.0,0.4286666666666668,108
D3,weight_agent_T120,0.868515205724508,0.9230769230769231,0.813953488372093,120.0,0.5212592592592594,108
D4,rl_ppo,0.8115942028985508,0.9565217391304348,0.6666666666666666,4.824561403508772,0.6765614035087719,114
D4,stopping_rule,0.8381642512077294,0.8985507246376812,0.7777777777777778,18.912280701754387,0.6659298245614035,114
D4,reference_T10,0.7724637681159421,0.8115942028985508,0.7333333333333333,10.0,0.5434035087719299,114
D4,weight_agent_T10,0.8599033816425121,0.9420289855072463,0.7777777777777778,10.0,0.7363859649122808,114
D4,reference_T30,0.8057971014492754,0.8115942028985508,0.8,30.0,0.5560350877192983,114
D4,weight_agent_T30,0.9004830917874396,0.9565217391304348,0.8444444444444444,30.0,0.7665614035087719,114
D4,reference_T60,0.8497584541062801,0.855072463768116,0.8444444444444444,60.0,0.5837543859649122,114
D4,weight_agent_T60,0.8966183574879227,0.9710144927536232,0.8222222222222222,60.0,0.706561403508772,114
D4,reference_T120,0.9202898550724637,0.8405797101449275,1.0,120.0,0.5690175438596493,114
D4,weight_agent_T120,0.9410628019323671,0.9710144927536232,0.9111111111111111,120.0,0.6567368421052634,114
D5,rl_ppo,0.7760180995475113,0.8461538461538461,0.7058823529411765,9.464646464646465,0.579030303030303,99
D5,stopping_rule,0.8481900452488688,0.7846153846153846,0.9117647058823529,32.01010101010101,0.5945454545454545,99
D5,reference_T10,0.8194570135746606,0.8153846153846154,0.8235294117647058,10.0,0.6183636363636363,99
D5,weight_agent_T10,0.8257918552036199,0.7692307692307693,0.8823529411764706,10.0,0.5981616161616162,99
D5,reference_T30,0.8558823529411765,0.8,0.9117647058823529,30.0,0.6187676767676767,99
D5,weight_agent_T30,0.8846153846153846,0.7692307692307693,1.0,30.0,0.638969696969697,99
D5,reference_T60,0.8622171945701358,0.7538461538461538,0.9705882352941176,60.0,0.5385656565656564,99
D5,weight_agent_T60,0.8769230769230769,0.7538461538461538,1.0,60.0,0.5587676767676766,99
D5,reference_T120,0.8692307692307693,0.7384615384615385,1.0,120.0,0.4185656565656566,99
D5,weight_agent_T120,0.8923076923076922,0.7846153846153846,1.0,120.0,0.47917171717171725,99
D6,rl_ppo,0.6203703703703703,0.9444444444444444,0.2962962962962963,2.1481481481481484,0.4544938271604938,81
D6,stopping_rule,0.7129629629629629,0.9444444444444444,0.48148148148148145,14.234567901234568,0.5537777777777778,81
D6,reference_T10,0.7407407407407407,0.9259259259259259,0.5555555555555556,10.0,0.5869382716049383,81
D6,weight_agent_T10,0.7685185185185185,0.9444444444444444,0.5925925925925926,10.0,0.636320987654321,81
D6,reference_T30,0.7592592592592593,0.9629629629629629,0.5555555555555556,30.0,0.596320987654321,81
D6,weight_agent_T30,0.75,0.9814814814814815,0.5185185185185185,30.0,0.596320987654321,81
D6,reference_T60,0.787037037037037,0.9814814814814815,0.5925925925925926,60.0,0.5857037037037037,81
D6,weight_agent_T60,0.7685185185185186,0.9814814814814815,0.5555555555555556,60.0,0.5610123456790124,81
D6,reference_T120,0.8333333333333333,1.0,0.6666666666666666,120.0,0.5397777777777779,81
D6,weight_agent_T120,0.8333333333333333,1.0,0.6666666666666666,120.0,0.5397777777777779,81
