kind,level,agreement,mean_abs_change
gaussian,1.0,0.8968152866242038,0.6427742822527927
gaussian,2.0,0.8063694267515924,1.178621876185932
gaussian,4.0,0.6738853503184713,2.050021757640433
bias,1.0,0.7197452229299363,1.8696363529611895
bias,2.0,0.5515923566878981,3.118117815665044
bias,4.0,0.4191082802547771,4.942764513750105
drift,1.0,0.8585987261146497,1.0426341329817872
drift,2.0,0.6878980891719745,2.237658002810966
drift,4.0,0.4535031847133758,5.0828798943522955
colored,1.0,0.8573248407643312,0.9724734121798443
colored,2.0,0.7464968152866241,1.7147103907039853
colored,4.0,0.5426751592356688,3.133843870506456
multiplicative,1.0,0.9299363057324841,0.4650911748663505
multiplicative,2.0,0.8535031847133758,0.9499125403396664
multiplicative,4.0,0.6789808917197452,1.9517896395720098
spikes,1.0,0.8382165605095542,0.9800568486957191
spikes,2.0,0.7949044585987262,1.384744575972846
spikes,4.0,0.7210191082802547,1.8666742057539292
quantization,1.0,0.9312101910828026,0.40922476362115373
quantization,2.0,0.8802547770700637,0.9369457384100599
quantization,4.0,0.780891719745223,1.6207437041328654
dropout,1.0,0.956687898089172,0.38456477297012454
dropout,2.0,0.8993630573248408,0.671296269072209
dropout,4.0,0.8445859872611465,1.0064444572610347
delay,1.0,0.8484076433121019,1.0982808224189833
delay,2.0,0.8509554140127389,0.9877977944273466
delay,4.0,0.8140127388535032,1.1822257988417924
