vehicle_id,mean_speed,ai_original,ai,ai_context,shockwave_factor,n_steps,category_absolute,category
2,14.451774661915662,23.673547893137336,12.802002119272819,12.380426598603815,0.12958567740384147,43,aggressive,normal
4,13.916834274806662,16.56910701965131,7.640751890178376,7.335900457634945,0.12569460637535707,33,normal,normal
5,13.920203990391904,16.614374212935008,7.395258771310561,6.0643200116968545,0.1136358594209978,43,normal,conservative
6,13.98581388347339,60.45706595616697,12.396282771385515,11.498330575498361,0.07308378747238162,29,normal,normal
8,14.071675406250003,51.96701675913853,12.270883747798644,11.025607974110624,0.020349535251527398,42,normal,normal
9,15.725895009011523,21.368169036547258,9.452350591487907,8.553219266656745,0.07522603163372225,38,normal,normal
10,14.482749084272607,25.682891253738337,8.902470283132855,7.533211345587345,0.08020585614343047,42,normal,normal
12,14.549382551306037,57.26500175392758,14.143885845841305,12.729040221778595,0.03390350113322947,43,aggressive,aggressive
13,14.617422044708993,37.27890656550296,12.054801003930434,11.021654032801095,0.059893866592524055,42,normal,normal
14,12.159769802607489,20.534839843156657,7.928307087345845,6.184127131439679,0.10313274570620995,50,normal,conservative
18,14.22427330250368,39.40824065112906,13.255953396545724,11.977062643240469,0.05050072006262634,24,aggressive,normal
20,15.516523173913043,24.560026287330796,9.1119822641477,7.625778659724691,0.03576792760876426,38,normal,normal
21,14.3131528428246,51.93765378531406,12.843011921334465,11.412407455739203,0.02904482861332105,42,aggressive,normal
22,14.597725463038552,43.78775867221907,13.103877340559343,11.712564521804392,0.031635256815002594,42,aggressive,normal
23,14.448466394390083,53.78150833752168,14.013752338153735,12.616785828333972,0.032214380155792005,41,aggressive,aggressive
25,14.415769633813897,31.866404121351334,10.363327396147033,8.932200180506689,0.03311916399851182,43,normal,normal
26,14.448857087149369,69.45220006609892,16.038925249116378,14.495677168273945,0.033063729782451805,43,aggressive,aggressive
27,14.624446455026456,38.323912148327025,11.020613922800946,9.557599130381854,0.04865345661687374,42,normal,normal
31,13.53638668190476,48.09441915837651,12.562771659543499,10.928141999868295,0.029588380466511226,45,aggressive,normal
32,14.443133653620349,54.753003024013964,15.021323557687076,13.53342032199689,0.039448185223584786,38,aggressive,aggressive
33,12.724834378664672,38.096995476377415,10.692140621930701,9.291235422897326,0.05015920855295389,36,normal,normal
34,13.999084086157735,60.517464609472626,14.590691057822374,13.061482583923878,0.02799970297805524,43,aggressive,aggressive
35,14.83980522,41.10825154949226,17.176193268777723,15.927295778104346,0.05412417182608736,18,aggressive,aggressive
37,15.440836394817921,40.21095180757255,11.871562189747374,10.004165999259538,0.033549056885072794,38,normal,normal
39,14.03359477828571,55.307985403776655,14.602263892269297,12.840861745595223,0.060964129011160544,44,aggressive,aggressive
40,16.05571291691633,45.59709597769523,13.971705624800675,12.283914148530693,0.029220986023062022,37,aggressive,normal
42,13.012241220565535,66.24100395118492,19.541645426918443,18.071648943508,0.027642882935944607,34,aggressive,aggressive
43,13.81146964741111,54.972428661473,15.12771437026329,13.350483265681266,0.049370946175174575,45,aggressive,aggressive
44,16.67767797075009,54.667788901613676,14.42574527740078,12.41680113009643,0.051101786267549486,36,aggressive,normal
47,14.693226560881168,33.86329744309544,9.620334848595848,7.60332697182146,0.046034347182602464,41,normal,normal
48,12.559338049253306,61.74252567652002,14.879721049378285,13.115255286475412,0.027917228207218953,49,aggressive,aggressive
49,15.339170764129303,41.27595483335421,13.200839994274807,11.1680824250096,0.046525097624594954,40,aggressive,normal
51,14.75293709508197,49.90982507236437,14.112782452472684,12.229157298812074,0.025173764761487853,42,aggressive,normal
53,14.200727226127828,38.8009034577285,14.247989432545488,12.337321385425142,0.05985356464854602,27,aggressive,normal
54,14.361922626753246,45.19530048629249,15.285162870199652,13.336895141625673,0.07393460040176907,42,aggressive,aggressive
55,15.008916985850338,47.36912263427071,14.8815783560207,12.984496283107584,0.02487602065132223,40,aggressive,aggressive
56,13.029504227039764,36.08284892031544,11.955364662759344,10.01286852751209,0.10031872430907468,47,normal,normal
57,15.132992399189465,48.26254112830136,12.76093503383645,10.675265465304511,0.04409920094889497,41,aggressive,normal
59,13.36415215675188,45.88199788336467,14.217522972222676,12.406398113160664,0.07090095510705989,46,aggressive,normal
60,13.078732895672783,51.935451270825034,13.325880182157553,11.25819266287633,0.04172333787988424,46,aggressive,normal
62,15.01664603871395,46.46000231373583,13.723468648676567,11.578918819060174,0.047620282657383016,40,aggressive,normal
63,15.972725304355984,45.337416100123605,14.825213087617144,12.923270606220662,0.03824643066027782,26,aggressive,aggressive
64,15.227356795031058,40.05666398289635,12.871340751106604,10.760732049306773,0.061937341956203984,40,aggressive,normal
67,15.477718147537546,50.167567031276405,14.95624384062283,13.00862014927501,0.03018548224192554,39,aggressive,aggressive
69,12.551244266439914,56.414440736844846,13.835651670902283,12.325440935860152,0.03520025013324574,49,aggressive,normal
71,12.91644492386794,33.85266426266279,7.999309825286164,5.980993293265037,0.0643275249217506,46,normal,conservative
72,13.169652196600056,59.7834002493548,16.946725635723254,15.603938596924015,0.04968736409513985,46,aggressive,aggressive
73,14.243373948558759,21.17172897141496,9.095759566646338,7.224030057114213,0.04001869793394606,44,normal,normal
74,12.303835292857142,44.138381592245835,11.2039598710521,9.392096069303573,0.053468013137876615,25,normal,normal
75,12.982219714876027,34.88855158165226,10.44223455763711,8.602987704978057,0.026825012155109632,46,normal,normal
76,15.747164978376471,46.09637099926632,13.536176488457661,11.463200030612684,0.050092359156207175,39,aggressive,normal
77,12.7896061611336,55.57773472945883,15.742230037426742,14.3402314570607,0.0454843928488779,47,aggressive,aggressive
78,13.666105470492301,44.015717001825784,11.11722626637138,9.364845024867394,0.02807690976012659,45,normal,normal
79,14.615106948941799,53.61005188722918,13.276349038388396,11.521690518111464,0.030656100558001588,40,aggressive,normal
82,13.046162589479723,50.12434797574855,12.647360056341007,11.046355460446907,0.02420620011793542,47,aggressive,normal
83,15.25698276859218,35.425774490235,11.64192353202686,9.87646077289607,0.048867049764565185,40,normal,normal
84,13.683711822249764,46.69891181650177,11.472630342717746,10.020261610670554,0.03088891346192513,45,normal,normal
90,14.07077871283293,60.584696211499185,18.20874263380142,16.946994825624497,0.025080298355663246,21,aggressive,aggressive
91,13.97356829369655,40.216885440826935,11.46125072366174,9.9051839317118,0.03942570571076842,43,normal,normal
94,13.80267212038594,49.782294224814926,12.179795620697803,10.761386586598997,0.027305317903278913,44,normal,normal
95,12.967244285714278,32.717056599262925,12.410647332264157,10.852963706820981,0.05655440906138406,47,normal,normal
96,15.268374901418195,55.765028509192206,14.570582922668216,13.04777383378621,0.04800248788057559,38,aggressive,aggressive
97,16.18558820612919,52.75939056929267,17.206767088211954,16.3491416639875,0.04041244033854908,26,aggressive,aggressive
99,14.11775815203853,34.497509396788054,10.574496505754274,9.066037207003285,0.04043210627042533,42,normal,normal
100,14.007106353293024,35.86041556615578,10.454309432445841,8.89905339281073,0.04483019619518807,43,normal,normal
104,12.604911921371437,44.105423664827974,13.157308534918634,11.454328220497947,0.05104362630897415,49,aggressive,normal
105,13.724631393291927,44.71994429131145,11.824136387988315,10.224852047429598,0.028767414416848602,44,normal,normal
109,13.853835185431702,46.312741460924656,12.31103335797737,10.664836777072244,0.04085005140712675,44,normal,normal
114,14.968490703495085,37.813840270545974,10.035217618010773,8.43790993293895,0.05810405754287043,41,normal,normal
115,13.484733301736204,81.51672052413161,17.8215845254859,16.34812724499351,0.028644785008610733,45,aggressive,aggressive
116,13.829338372747264,68.86000092971946,14.212134719985876,12.529736173929987,0.03043616471238538,43,aggressive,aggressive
117,14.624445996985594,45.874120783016686,11.339953218968853,9.695865377352204,0.04759774901299886,41,normal,normal
118,15.475468442095833,50.827899138026844,14.032225610199962,12.699212699274387,0.04852130062238161,26,aggressive,aggressive
119,13.84051367095761,24.974211484884872,9.233592267781924,7.494823078400349,0.041945928325521166,44,normal,normal
120,13.848241853383453,55.32289149052731,14.396183957817572,12.669038925745816,0.03659113663252814,44,aggressive,aggressive
121,12.600775355378486,50.23692333350728,14.539132262175212,12.80893210138174,0.05556151269347934,48,aggressive,aggressive
122,13.78352798365564,39.852721460219996,10.677335391920694,8.850290412907736,0.03562002085935385,45,normal,normal
124,14.219598150579168,68.00685703899303,14.764445359603785,13.195237021490543,0.046187878211601516,41,aggressive,aggressive
125,14.247571265527254,53.49187050213759,12.54669881359201,10.853320707411049,0.05787770819204786,43,aggressive,normal
127,13.858144827755098,57.41447664553851,14.064308407859956,12.444905708111456,0.03394174556317084,44,aggressive,normal
128,16.260481710463456,52.67173319725793,16.34809438664444,14.96296519173755,0.03214571408587397,21,aggressive,aggressive
131,13.415874590313745,52.44169516258729,12.606922274301498,10.947903551908965,0.02339745789823142,45,aggressive,normal
132,13.683138426854704,61.54200724048277,12.947827802099328,11.286477353902526,0.04957019018402965,45,aggressive,normal
134,13.202391046704433,42.611030247783376,15.332727000577652,13.850835794388981,0.05539638149545258,46,aggressive,aggressive
135,13.93703019257395,39.135403997083486,9.83295231641601,8.126398635837543,0.03175761669214473,44,normal,normal
136,14.050368460833603,50.96035796975686,12.048152862078123,10.30912584696562,0.030996798517136173,42,normal,normal
137,12.951299882792872,34.97471657354392,14.63119709443097,13.020622510785135,0.08283324504350528,47,aggressive,aggressive
139,14.797026555331982,29.566862815551964,9.700131487463125,7.851133518062692,0.009165501860429854,38,normal,normal
140,13.303054271488836,61.91977344849834,13.908492656388328,12.269366393068855,0.019356439597181852,42,aggressive,normal
141,13.439916204812665,56.661024128991784,12.82615296652127,11.094298086355892,0.049930783377186747,46,aggressive,normal
142,13.624746961555072,35.78933360717816,9.693762592889142,8.016878622440109,0.06234638999571216,44,normal,normal
144,14.035576852052175,71.37846264487364,15.451270043993024,13.771922562057124,0.025921019487927823,44,aggressive,aggressive
145,14.006699177904759,57.53480478303947,13.374399573344256,11.78015848925579,0.03360401111388292,43,aggressive,normal
146,13.680967362875736,46.492983849948,12.018181978624977,10.436159931361756,0.04488594978967114,44,normal,normal
147,12.81083717994784,39.47459180149566,15.00567398575669,13.25204957562209,0.08267172088099682,48,aggressive,aggressive
150,13.064038602652202,39.515489984537155,10.765536688357024,9.068334256516199,0.05961908089761361,46,normal,normal
151,13.812324215942487,38.32489052086325,13.120513796002696,11.396094531031558,0.05173494780957965,45,aggressive,normal
152,12.368866569527533,53.74025460978785,17.819052994449507,16.012634897317504,0.08099960721243075,49,aggressive,aggressive
153,14.99934438695652,19.04905901710383,9.78164714998802,8.418006873294768,0.028320427045414768,19,normal,normal
157,15.904414871898746,27.668095362010785,9.309130627297833,7.4166392869731865,0.03595499850083257,38,normal,normal
158,14.016611580317472,32.77511053800294,9.763589684264824,7.81769669408447,0.05762255628254209,42,normal,normal
159,13.593146299753704,46.103863375394724,13.75075625375082,11.884553155438956,0.061079361975269614,45,aggressive,normal
161,12.825776876422767,33.50591340945429,10.101704873037123,8.020513830792437,0.03595412424132148,46,normal,normal
162,15.847047843828722,41.15611048711708,11.587292000797103,9.511014435883258,0.03509599282286996,38,normal,normal
163,12.318764885547209,49.76050875131063,18.059502949450344,16.029874083638116,0.09274593091220085,48,aggressive,aggressive
164,13.726852860365666,52.967029732549605,15.119980132295295,13.162675108021569,0.04979763407517745,44,aggressive,aggressive
167,13.475551457941624,30.290828369002035,8.94496331796254,6.81784979670947,0.06282622378128908,44,normal,normal
169,15.88153212496393,38.65259799305856,12.468266522187902,10.258029884373064,0.032366382715153,38,aggressive,normal
170,13.140394866026407,54.27243570539231,13.051272012831998,10.991789525984734,0.02307864609756917,47,aggressive,normal
174,16.197672174055825,45.212150938780596,17.34641299390812,15.345085387684115,0.02829499485837963,19,aggressive,aggressive
175,13.585491257265755,43.259289092066304,14.603656457872122,12.502547724209148,0.044081301806613966,45,aggressive,aggressive
176,12.126356120208392,29.838581650722578,15.42310452535702,13.330405773353707,0.09611566474362919,50,aggressive,aggressive
179,13.601193504720756,40.943236108990384,11.41991289889205,9.115673420533176,0.025223167692970692,44,normal,normal
180,13.646280220160792,57.43886414783227,16.695795681966732,14.516443083739125,0.03616652989795819,45,aggressive,aggressive
181,11.816153261940297,54.251005501846016,17.756602389352558,15.513326658344276,0.08320385677459068,52,aggressive,aggressive
182,13.145830400595242,64.67789805867807,14.093856127685187,11.844087864484806,0.022427755010958075,45,aggressive,normal
183,15.350208073439154,30.96845962668682,13.274695127413024,11.017844075642119,0.08960251635099688,11,aggressive,normal
184,13.491458063750397,64.05518213493467,17.60612367596263,15.362800535460678,0.03898702823008844,45,aggressive,aggressive
190,17.297062662480382,50.037598181690235,14.787603034065711,12.516242039032088,0.05185496073868815,35,aggressive,aggressive
191,13.868744698300818,42.61239350645339,13.113822116755747,10.58207467254781,0.013712078346307383,42,aggressive,normal
192,13.421042889050652,40.98411256840868,10.28042479787959,7.626858750069943,0.03482651908837676,45,normal,normal
194,11.289172486224484,41.39814148758202,17.32372989967669,15.08755055711226,0.07936524210642468,52,aggressive,aggressive
196,13.30469593212779,38.67828310469587,11.340210859121962,8.990800702286588,0.023393213732702128,45,normal,normal
198,16.71486609331306,33.871874601329814,11.55883582663125,9.128724352207396,0.01761398938228501,35,normal,normal
199,13.319934754454852,32.544273134631084,9.26406881339033,6.872875620932663,0.03966728809337207,46,normal,normal
200,11.632260904251387,57.19213999555779,16.878915273183743,14.66964400706797,0.062104738454714106,52,aggressive,aggressive
203,13.885791080941924,57.83532125867802,16.354189843925305,13.938785197897055,0.025766888181354843,44,aggressive,aggressive
204,15.496140678395504,34.33787175559285,14.028050317832259,11.456285636490849,0.02863426050100758,40,aggressive,normal
205,15.277328206380023,33.02846083967114,10.249873778363826,7.525685727434716,0.06666219976427798,40,normal,normal
206,13.32274395916641,48.32515894213503,11.216038943716356,8.608669054781718,0.028756728311295637,46,normal,normal
212,14.055186508685983,57.45410457539275,15.232000912226503,12.734204056898971,0.046255532423406846,42,aggressive,aggressive
213,13.25170007490997,59.3192256814268,15.136387188878835,12.57618304128431,0.015772950314677157,42,aggressive,aggressive
214,15.617106731939028,57.33061414595963,16.21501927826453,14.01876073885517,0.03830162697655274,38,aggressive,aggressive
215,15.300136032454931,60.32690842151939,15.818106983792338,13.30515479869255,0.045407735043550175,39,aggressive,aggressive
216,10.466730363954584,22.057821384966115,9.698082316833375,7.369014073192173,0.07941991926113608,58,normal,normal
217,15.046811479713599,55.38787272207001,13.27143068515244,10.90926504362517,0.019447757406525757,40,aggressive,normal
219,14.628431457807308,40.02299960098407,11.925232518981423,9.400378232904194,0.06130640293391933,42,normal,normal
220,10.556262474123546,57.503171334960754,14.606687127983879,12.807734523613414,0.04320377452593172,57,aggressive,aggressive
221,14.129528597053165,41.222571641412216,11.587183190685934,9.315523212507937,0.03605046164027035,41,normal,normal
223,10.436916356624232,41.138068641026805,13.250254407796964,11.491762283978952,0.051514067377935346,58,aggressive,normal
224,15.501898095144272,30.861249252644566,9.481080549607245,6.9877275816379605,0.04324458469433188,39,normal,normal
225,13.453541637526651,22.86371367508565,9.600281591231651,7.24024310369593,0.05550184536233239,45,normal,normal
226,13.987925675047627,30.088437020795123,9.657841178739577,7.132520276031545,0.04488517120292606,44,normal,normal
227,13.747018688702157,49.023111986012275,15.037488640705574,12.863193248780762,0.044096760017161674,44,aggressive,aggressive
228,15.512545449824062,33.33948365962648,10.85124201748928,8.357651427706365,0.018117773353651268,39,normal,normal
230,15.783639956209624,66.70918707185932,17.07891574624457,14.822403669312727,0.05993141782645903,36,aggressive,aggressive
231,13.986144868952383,60.90387631056167,14.30864977829719,11.767592029332635,0.024783135365001475,43,aggressive,normal
232,10.436911722112205,46.59727281089453,13.865330375406028,11.946213951587513,0.03944980418665258,59,aggressive,normal
233,14.398483535420747,63.690611221296805,15.754542288663435,13.353305321296883,0.030869397621469438,41,aggressive,aggressive
234,13.71833881499846,39.95366459618413,13.917958628843019,11.738015390774931,0.06842994536412529,45,aggressive,normal
237,13.407858241446972,32.23784387222133,10.452826703378587,8.099968366481045,0.06976272375006737,44,normal,normal
239,10.458904680991738,57.047252187858156,16.425565426118713,14.546001769008878,0.031131362777427493,59,aggressive,aggressive
240,10.396335362312028,56.42552950258185,16.248742092027843,14.310198987821105,0.0407915662479774,60,aggressive,aggressive
241,10.416288984022552,68.36155889921304,18.26176922581857,16.36230343352694,0.04951846820202087,59,aggressive,aggressive
242,12.810083982729642,33.097612702618896,11.163744686976445,9.197087616978532,0.05904747465562444,48,normal,normal
245,16.098999738291596,29.48280332420315,10.335209322769755,7.726167897198493,0.06329365258197367,38,normal,normal
246,14.522448625668103,26.911358362364833,9.567411065345468,7.102379477365027,0.027590034752678776,42,normal,normal
247,13.564500697265746,29.695650696174546,9.902933082587646,7.6578889587272965,0.05578228590419665,45,normal,normal
249,14.89333553299561,55.97037557890138,14.712120089119729,12.440661914822545,0.024071863238532713,41,aggressive,normal
250,13.005718954379788,86.1477277705107,17.695978250715044,15.908550441873953,0.030941442893775185,47,aggressive,aggressive
252,14.86967186018237,52.36752567506191,13.976524748803184,11.650818379233632,0.020001941622591606,41,aggressive,normal
253,16.39636835105293,53.00806483806445,18.257669590721424,16.212064909553604,0.023894762845326507,19,aggressive,aggressive
254,15.108327476418296,33.60558769851665,11.073313008226918,8.63911461018267,0.06217957685656861,40,normal,normal
255,12.914790829564714,27.595371562704184,8.381785805125888,6.31971216641269,0.04911379962848426,47,normal,normal
257,13.041567916119499,61.30135346853667,14.233462548294018,12.270051564560479,0.04946371066517656,45,aggressive,normal
271,10.144537786054954,32.61999510144398,11.866781314446257,9.513875158857225,0.05538949306829581,62,normal,normal
272,12.98263014532628,45.93104309603164,13.066589230289466,11.157884400295185,0.03499004074605268,47,aggressive,normal
277,14.859167272873943,35.70653554247353,11.812488175201288,9.606632947062227,0.028658288008079083,41,normal,normal
278,16.32104940000001,29.92718681344654,12.098725873530281,9.88514138545709,0.019906528344224173,38,normal,normal
279,16.82289731939606,49.56344590671287,18.17797130135946,16.26199515829114,0.01659385974958086,13,aggressive,aggressive
280,10.140305605319892,65.27630697812289,17.980982669409897,15.793887397038446,0.04501548242519622,62,aggressive,aggressive
281,13.107330555423832,55.501448694395094,14.812555558308969,12.819018198739164,0.0369159735276143,46,aggressive,aggressive
282,10.075183371610265,58.48844953169709,16.473503090375804,14.321530337147514,0.05960441267563025,60,aggressive,aggressive
284,16.823547910147774,34.64599188137446,9.512982630704304,7.679898058906336,0.033105621477597005,26,normal,normal
285,14.72515529345795,42.48058663156026,10.271132162400393,8.145841101091827,0.01800663880003885,41,normal,normal
289,15.544769322892424,58.728903385543276,13.904747099167421,11.872640670150112,0.02086465799334139,38,aggressive,normal
290,16.73037601219048,53.651745695534345,13.204139810485685,11.307026081387862,0.0503378923882776,36,aggressive,normal
292,12.784990324465014,37.18851075286609,11.741369577732852,9.390866940028092,0.04311440222849048,48,normal,normal
295,12.440411799605519,19.938395117807605,7.127879648798305,4.6115228206217225,0.05113523144506019,49,normal,conservative
296,16.71009590626223,61.356021597635944,15.580906819577958,13.867074504245045,0.032443857632632134,24,aggressive,aggressive
297,12.83086137409447,60.739301633331095,16.292097941873525,14.010234209176907,0.03695521594769233,47,aggressive,aggressive
298,9.703313487379498,32.010262056839885,12.188400727717184,9.817343097934316,0.05560968619037178,64,normal,normal
300,15.533705136649024,23.615138646147027,9.005708163676218,6.594140348178942,0.03907451134228666,36,normal,normal
301,12.491738897312594,76.47113153361111,14.77260443567291,12.413372898327262,0.0305597628775387,48,aggressive,normal
302,9.689012173178728,62.22747216784454,17.0831083271298,14.904739750473345,0.04033483344884601,64,aggressive,aggressive
304,12.624787000457147,42.08564023459544,13.311966005813671,10.79548367497891,0.03907806996895001,49,aggressive,normal
305,12.296093438058048,51.88076667615664,12.393791757670671,9.801754784914776,0.03542777402043898,49,normal,normal
306,15.67715206141789,19.71469036257121,8.490704488632312,5.977991851587372,0.06572825803940414,39,normal,conservative
308,14.416155423874764,47.46870576740593,13.402762587324704,10.742269357384997,0.04652792809615132,42,aggressive,normal
309,15.99122271456673,56.261827538117814,14.452288280274518,12.023268715064823,0.042126021324693584,28,aggressive,normal
310,16.471554559999994,69.66307073024167,17.064438036310253,14.710594333272411,0.03504668952714097,26,aggressive,aggressive
311,12.671692237028566,45.054270462206894,12.711434887418518,9.967619800573575,0.034708841508150436,48,aggressive,normal
319,12.14350204945055,49.66959925674585,12.58685374813142,9.822764117087786,0.030779411528101073,51,aggressive,normal
320,14.613612063270063,32.96462353854255,10.492379891904221,7.720607279509774,0.05344294935964311,42,normal,normal
321,14.680127127006314,23.944559581655586,8.439986441881581,5.628678754385091,0.04885947161297906,39,normal,conservative
322,9.677576972041136,47.07801760685694,14.526896622081255,12.350919132279436,0.04532048522504001,63,aggressive,normal
323,14.590285023135566,75.32864969494295,16.132634941287606,13.393391292800672,0.037337648583546226,40,aggressive,aggressive
324,12.439075954263124,55.784098598987576,12.470874826650935,9.677893986910393,0.03436210239461456,49,aggressive,normal
328,12.623331588366128,53.21521672492519,14.222409981386848,11.357201510196644,0.03578096675576544,48,aggressive,normal
329,12.733210166464653,39.42582780992382,12.274838230663526,9.506486310824675,0.037560789627259325,49,normal,normal
330,15.325417244041805,43.79095593219779,12.842438551319605,9.945003721961662,0.045005556613739284,39,aggressive,normal
331,12.811204164808368,69.07707395108805,16.59191713957133,14.024698159649027,0.03718455775109306,47,aggressive,aggressive
332,15.953570880112066,43.971193382547845,13.949836236994763,11.19736612257541,0.03531551590660751,26,aggressive,normal
339,14.232435021574345,42.20545258087979,10.569596350831532,7.560048157130161,0.03220041493776984,43,normal,normal
340,16.566533954673133,58.42468008581698,19.944395507135557,17.26237887990932,0.04852603874205315,25,aggressive,aggressive
342,12.847528472536448,52.73807206604389,14.594463478662735,11.730419758712426,0.041501288130426174,48,aggressive,normal
344,12.613594400228125,45.74702251164421,12.402418461103382,9.434820815893357,0.04263685725841276,48,normal,normal
345,15.133924496075368,49.64510622420621,16.919304859078178,13.832619710827393,0.02762260387217429,23,aggressive,aggressive
346,13.936403683312271,28.955092019286404,8.973181011977303,5.876528834565869,0.0569411456049164,43,normal,conservative
347,12.847785641982506,43.88973944936564,12.96672060387467,9.943127057071498,0.03969764930764839,46,aggressive,normal
350,15.316825226694473,45.393116908175536,12.33964520981418,9.232872205400085,0.02524477856749691,39,normal,normal
351,12.529298724036272,36.777742580743265,11.455770314220008,8.479712308504617,0.04403297908415363,48,normal,normal
352,16.168410649644045,61.028116834101205,16.772421838431388,14.207391490993475,0.022460577083778546,26,aggressive,aggressive
356,14.057067620243433,32.07211031325449,9.171450603959114,5.983755587408062,0.04275431330707761,40,normal,conservative
357,15.10995008104396,53.29942477209635,13.205385272769622,10.210377567797648,0.01746035083175723,39,aggressive,normal
358,16.77484174600985,71.39374117992956,21.7594112471997,19.470310748438642,0.027635560594276482,26,aggressive,aggressive
363,9.765934067796616,42.97423316306722,14.483634144558499,12.215887248017292,0.043744939559499596,64,aggressive,normal
364,12.476384108187464,43.06774718648365,11.64632600418444,8.554118719575369,0.0460535120420558,48,normal,normal
365,12.68870358680436,34.68416814523785,10.437589118308855,7.296380836870804,0.04242448209160349,48,normal,normal
366,14.410549700786373,58.599468112058496,12.594942045345805,9.528366350299788,0.02950358760906843,36,aggressive,normal
367,16.354122365669113,62.44888232839122,17.515422591313172,14.588996157107339,0.013519279041591697,18,aggressive,aggressive
368,12.735078096392494,65.12088283781655,16.152927079686428,13.19840061265147,0.03430567240695744,48,aggressive,aggressive
372,12.431502399999994,49.26227601220373,12.659181307201505,9.554326646290967,0.03563359255585343,49,aggressive,normal
373,16.119205388704316,28.564923364131396,13.34970830052183,10.574979491316546,0.022949911939876038,21,aggressive,normal
374,12.696813720034493,47.293792290996755,13.170287751961967,10.160244825833283,0.033712069005753346,49,aggressive,normal
375,18.119129037493373,43.87264790061482,13.436948916473524,10.925031856541692,0.012874997808070044,22,aggressive,normal
376,9.373022043174602,59.23088160147415,16.56072263552493,14.120679316102855,0.04323386785727422,66,aggressive,aggressive
379,12.573592931701754,56.62746843258049,13.828337734318618,10.981879754190292,0.03220275966618605,48,aggressive,normal
380,12.612749872888637,57.95595290211698,14.793627971397328,11.989711845124774,0.02697681676760627,48,aggressive,normal
381,17.27598852971271,32.19075069888728,12.959728698938381,9.823075993591319,0.021071012017212138,35,aggressive,normal
383,12.643380587492835,54.74655764760634,14.517714487227842,11.736306531387175,0.04017815755943564,47,aggressive,normal
384,13.200849907591149,63.03295031471458,16.76245352150226,13.990893579714612,0.04509196877051173,46,aggressive,aggressive
387,12.581916736073579,32.7755832911191,7.58563381780868,4.525149696678482,0.10558244826319073,47,normal,conservative
388,13.122587299047618,66.54188424256098,17.20870571763702,14.308448848012581,0.049562253613594225,45,aggressive,aggressive
389,16.898378885131198,35.4801034097908,13.489458440364853,10.630284309170898,0.08344576151413326,11,aggressive,normal
393,18.21213718447563,45.607798203279856,15.56093058228775,12.436331945416185,0.04520843426221479,12,aggressive,normal
394,14.500854444532006,58.4680806942235,15.939253347024698,13.032584733912211,0.03639426548266332,42,aggressive,aggressive
395,12.409480038132298,35.54451394051231,11.629692120664025,8.458028127282224,0.05489474220735671,50,normal,normal
396,9.496333795366802,62.32379291317286,16.542525818266654,14.040273382283653,0.04951883111270962,65,aggressive,aggressive
397,9.44592231471343,71.9284509132712,17.826224764617944,15.381364800634357,0.038499156716418556,66,aggressive,aggressive
399,12.483184194466403,63.52872398822845,15.910401579669944,12.809052203958641,0.037252097939900475,49,aggressive,aggressive
400,12.177335756593406,25.853571015130473,8.589167871338349,5.3643613880940535,0.036365937911208186,51,normal,conservative
401,12.690332921912342,33.78675690672243,12.614122850395788,9.309024839143362,0.05655131615825937,49,aggressive,normal
402,14.808770485973241,34.35478003921956,10.852679508632217,8.07380990319301,0.049292954437698815,30,normal,normal
403,12.51649403190948,56.75293109138725,15.062376993915784,11.94461611059224,0.039042240428276774,48,aggressive,normal
404,10.01060174290241,59.231585871019504,17.86267938881955,15.245327232571126,0.031210687518740753,62,aggressive,aggressive
405,12.32317377845982,53.43696424855102,12.940579446191954,9.881527596456912,0.04453017953118455,50,aggressive,normal
407,18.184105497228135,34.88866665031063,15.251595049148758,13.072707317184035,0.04710633144741098,25,aggressive,aggressive
408,12.279372871678232,64.03351223020827,14.599068711264591,11.536727993923272,0.026135771751077324,51,aggressive,normal
410,12.677345769933874,61.91619275053945,14.535601046283602,11.603608729434521,0.030425719818039803,48,aggressive,normal
411,12.4422535393632,64.41225775945529,15.498040191550768,12.60057534006061,0.041567327298276696,49,aggressive,aggressive
415,12.873504008396504,62.70406940229304,15.287553956516165,12.42460133354011,0.030768275459267195,47,aggressive,normal
416,15.68631082101383,27.704051131133273,10.328097417789941,7.9612347925238724,0.0411060453287366,31,normal,normal
417,9.952789474285723,61.757392750035834,18.319297850906118,15.642219525402574,0.04979981358677972,62,aggressive,aggressive
418,12.484093861547146,53.67458596618152,14.56404643099533,11.634069280525726,0.04609745169396121,47,aggressive,normal
419,12.4195400053363,46.99732598865523,13.417095883066418,10.263860591128044,0.04993252254326344,48,aggressive,normal
422,9.710559024527475,53.274843463641545,16.678294151291915,14.026221430477426,0.05794442962267743,63,aggressive,aggressive
423,12.311366194419644,47.912356844897126,13.256945988777373,10.486746618033898,0.05081695577487471,45,aggressive,normal
424,13.054323887136919,48.702353754187854,13.424705527063072,10.674784420369232,0.04102077364299254,45,aggressive,normal
426,12.506984171315423,35.39890809763919,12.49727244035207,9.872670514210641,0.04918910142137018,50,aggressive,normal
427,9.635945360785172,61.25920963613993,17.48743612055839,14.977454515144341,0.06086081946648618,63,aggressive,aggressive
431,12.648774803999995,66.00726413922108,17.89599501616328,15.641117307098002,0.03665321844269439,47,aggressive,aggressive
433,15.600661091811423,14.804869539753012,6.755906966704226,4.272807425070668,0.037463984933878536,34,normal,conservative
434,15.428301131645565,39.09874393615135,10.480078626745009,8.7780976050307,0.025293363943806744,26,normal,normal
435,13.060658622487326,33.93355374899375,9.945053457667814,7.6877697013088,0.04279790667579999,46,normal,normal
436,13.610771803940896,32.59004027485611,9.668997113122712,7.026201678434771,0.042378027457154875,44,normal,normal
438,12.778116179525743,43.75820550802584,11.205980415568828,9.110201990633986,0.04890662427597425,44,normal,normal
439,13.39465326840194,29.794247824938644,8.954527509593172,6.761973158078081,0.04461569611120691,45,normal,normal
440,12.931243875292752,48.64192418532206,16.255460714919742,14.302027172427888,0.04238814070991125,47,aggressive,aggressive
441,15.693502637390882,42.48841940521229,12.232836493793865,11.150164879124151,0.0284531226783163,23,normal,normal
442,9.426150489734818,46.82848961066262,15.524374800885465,13.237138006605598,0.0660301547178027,66,aggressive,aggressive
443,13.4303835931915,57.81200434393195,14.496111011489528,12.680197395480118,0.03153025103195115,45,aggressive,aggressive
445,13.86079068062111,41.159918320364994,11.945688352630178,10.067648278237028,0.04298341481858394,43,normal,normal
446,12.945611352576103,38.62816070986823,11.834309597957871,9.628493554598176,0.03853148941637516,47,normal,normal
447,13.235983588499554,30.448524389866712,8.893250562855524,6.935912557955909,0.029148978225692807,39,normal,normal
449,14.375625203181968,24.82315675099114,7.914325733557682,6.0361472552804685,0.07100825086965008,41,normal,conservative
450,13.451523773860181,57.80228181602033,14.708790463007196,12.717232732014597,0.045105748514171845,44,aggressive,aggressive
451,9.173676300393947,50.296447215041525,14.87243514046016,12.371786771850985,0.07002079692636838,67,aggressive,normal
452,18.213062417910443,42.33397951712633,14.399261367775141,13.232882068211298,0.04404577959773696,24,aggressive,aggressive
456,13.669069470871989,56.003234962639205,14.83243501890671,12.996402808199429,0.054981995582428285,44,aggressive,aggressive
457,13.952569627307197,40.94947387794917,11.862526089245657,10.320362357256045,0.019509210634513836,41,normal,normal
458,8.905328068345758,52.09253099695486,14.848556957382048,12.708569299109405,0.06474714392064548,69,aggressive,aggressive
462,12.558286294348196,28.03880183452573,8.558271712478055,6.808778087196016,0.07122088178039912,49,normal,normal
464,13.357014504337274,69.60826882030722,16.407536997215832,15.09146406396529,0.026652645903517763,45,aggressive,aggressive
465,14.383841634997527,50.88840600854896,14.519407795015917,13.093231473490457,0.02990045043042695,24,aggressive,aggressive
467,15.473363431660227,38.59984226541996,12.544403371394125,11.014675939722636,0.029773477729041674,38,aggressive,normal
468,8.74321755197146,59.411679396124775,16.28382234088713,14.136574488886625,0.046316295247989595,70,aggressive,aggressive
469,14.207127290293462,25.791741674382514,9.984780418037,8.450701530077739,0.03841949019967838,44,normal,normal
472,12.996112915699559,34.77208318500092,10.14932531046696,8.444389135891477,0.04923615103326884,46,normal,normal
473,14.494393225974026,48.292686438463825,14.642821838468036,13.14515693960744,0.04285337935102367,13,aggressive,aggressive
475,8.885793619341896,62.06526305751203,16.840514648276606,14.570819761218592,0.04392592712814349,69,aggressive,aggressive
476,13.189449753938304,61.669493348375475,14.957825149448732,13.3941818860845,0.025821092998529634,45,aggressive,aggressive
477,13.287892342616539,54.47124037198553,14.149983284764996,12.602886747205817,0.039765649008206914,46,aggressive,aggressive
481,13.35576630667866,35.30094656454321,10.551367043384335,8.66818370085406,0.02790102057346627,47,normal,normal
482,14.64605544611297,27.648185072909246,10.63332589732738,8.967657730877598,0.03420113780292065,42,normal,normal
483,14.671176839335537,22.257287975163106,9.697660113676235,7.978229990637325,0.054152565378713984,41,normal,normal
484,12.940158918384064,35.032684326549685,10.912205859147981,9.00015526764546,0.033249272899560686,45,normal,normal
485,8.802102856507952,49.77887616177797,15.412327920477422,12.966170934442438,0.052045597472850896,70,aggressive,aggressive
486,13.887217659780221,71.25368682733487,16.92798448747553,15.350468641142564,0.03559452146165951,44,aggressive,aggressive
488,14.696605489986654,43.27193420804409,12.026800049218641,10.268350342952541,0.0436318014247372,40,normal,normal
489,13.66352685157699,40.503690176293,12.293542113059745,10.49026544999591,0.029726026309145268,44,normal,normal
491,14.006251610563153,28.38607356997936,9.878211520627083,7.884827235027299,0.027658427235200046,42,normal,normal
492,13.575446112684725,45.34810975349268,12.692540955453236,10.856056119978188,0.029598213337493292,44,aggressive,normal
493,8.8119231857739,47.10190948130332,14.685693161863268,12.088534444981942,0.04267659297700528,69,aggressive,normal
494,8.945993479067884,56.53489252936846,15.650880096537774,13.092024984902825,0.04093083119616068,67,aggressive,aggressive
495,13.898489492021428,43.453322541419766,11.72087857911348,9.601498855668064,0.0285169426169657,44,normal,normal
496,13.950768651529499,43.56755928650882,12.673200092269038,10.506484207255408,0.021695324668879527,44,aggressive,normal
500,14.365033091377095,17.95935170465002,7.706381175554259,5.2906459399756205,0.06783937314527268,42,normal,conservative
501,13.963422443615693,57.770225024294625,15.15185010933405,12.942088155506966,0.03796643882505275,42,aggressive,aggressive
502,14.703929676635523,55.62218868723725,14.300201056977942,12.21675889972436,0.008556930594355031,40,aggressive,normal
503,14.624155497354494,56.25492829831973,15.554789034206594,13.468769840508115,0.020600100388787408,42,aggressive,aggressive
504,14.915289436676796,54.90755640775926,13.286917728824266,11.037817075295997,0.02223283546632044,39,aggressive,normal
506,14.622437735631426,53.10849363697771,14.589563156978485,12.323083525743607,0.02872465359292836,41,aggressive,normal
507,9.078041057183846,54.90589773626234,16.506408238548108,13.920853258537624,0.04432725917358804,67,aggressive,aggressive
512,14.14371569630818,39.59208444622139,11.238405958100557,8.73266819533368,0.03602512639591437,43,normal,normal
513,13.981661618311703,63.074331394228736,13.771507199082174,11.367920225333696,0.01928817671310478,42,aggressive,normal
514,14.86040427425876,51.4690940764983,14.610527072300929,12.167079415147075,0.03405880309147713,41,aggressive,normal
515,15.654381882302758,27.203246048716824,9.757052626233966,7.106913649712909,0.03929187855661855,38,normal,normal
518,14.774283913212612,66.93130758245525,15.639566860022178,13.096931101622657,0.043326763632171986,40,aggressive,aggressive
520,14.2879770087013,38.85389347256907,11.0263888572617,8.463392735460737,0.025221896776486667,42,normal,normal
522,15.05304138154477,59.25482149701848,16.05432523773197,13.660247541926756,0.017972827870279037,41,aggressive,aggressive
523,8.916809615555106,48.67932546277385,13.599888736381693,10.75919812869641,0.0476876250344847,68,aggressive,normal
524,13.885898168734961,42.57313696015078,14.35118730211513,12.095028422506351,0.040166884623079484,22,aggressive,normal
525,15.631989439205958,66.90817878283765,17.636765143528567,15.230446806516428,0.04800987590930163,39,aggressive,aggressive
526,14.717507012054615,38.74617851583184,12.828733846127754,10.370813302325379,0.04377277214718926,42,aggressive,normal
527,9.597425623968746,60.69329872888459,17.872133616781625,15.355048244229076,0.027293991963982096,64,aggressive,aggressive
529,14.879101688067225,31.48266455778231,11.183921452743014,8.512094563584212,0.035745832375471034,41,normal,normal
531,13.480688792207786,41.201583541518666,12.404397259943048,10.240067472323394,0.05958823877727401,22,normal,normal
533,14.785758818913493,65.96124296241737,16.657684357495587,14.225778659909933,0.025197580884659194,41,aggressive,aggressive
542,14.873101555015198,56.00710622667917,14.085064224154562,11.608907458861296,0.024042271507235473,41,aggressive,normal
543,15.092659218181806,54.25277537775132,13.158646198573026,10.66757450213776,0.033819007999456495,38,aggressive,normal
544,9.38048188164477,57.980821014341174,15.774534961992682,13.215764071987719,0.05515164979621888,64,aggressive,aggressive
545,14.799786171025211,34.447466789880366,11.742043692506131,9.009525912293263,0.04383035302996284,41,normal,normal
546,14.780929781599188,53.3271413378887,14.27328512254036,11.771119142235692,0.03440083848947208,40,aggressive,normal
549,15.412956621988807,29.922203470007208,11.462580079800308,8.766428826306305,0.0666898265880047,30,normal,normal
550,17.939185857037426,37.51265706142884,12.924438358473434,11.614305357686831,0.037578057551005496,10,aggressive,normal
554,9.218411246715329,40.59854473331882,12.164010227974124,10.019548504060221,0.044653641319492995,66,normal,normal
555,14.36849580038961,34.121814569698536,12.318652659955317,10.358148987615817,0.04591809975949546,42,normal,normal
557,14.371935154441916,30.638698778321952,10.434036768037426,8.35370192640332,0.05054070790911805,41,normal,normal
558,9.374176431783598,71.61195179308889,16.069420567590946,14.010172009685657,0.03405615433675186,64,aggressive,aggressive
560,13.251507555835964,57.7324997712086,15.762960807286838,14.079560125243264,0.09781013244237285,22,aggressive,aggressive
561,14.803760706908125,33.11409297567543,10.45710531869956,8.564341553636387,0.04651524445097049,38,normal,normal
562,14.721022248865149,34.970429718893904,11.803811692356854,9.686574393964847,0.03395826396424419,40,normal,normal
563,14.643930335282377,61.170281227915765,15.376559853352687,13.575922977788688,0.0657908216537599,39,aggressive,aggressive
564,14.431685146779987,45.27574401601415,12.790843243878196,10.7555596845072,0.04455740453111317,41,aggressive,normal
565,16.663044157823126,53.187156492534804,17.117402093577137,15.302085459099349,0.03335814531902996,36,aggressive,aggressive
566,9.540826381527838,41.478501408450036,12.703944181800127,10.486729111669911,0.03918704641383383,64,aggressive,normal
567,16.731500449088138,39.46828163469091,13.132108729286436,10.998942579918161,0.059484048445801276,35,aggressive,normal
570,14.507143901609199,32.75409279535341,10.589215002524995,8.179634769161895,0.0497342544528021,41,normal,normal
571,9.61846437944938,50.27736658568339,14.219356428941193,11.819503949984615,0.038102833661703674,64,aggressive,normal
577,13.090340638333332,20.388229230795282,8.14631788024487,5.597735760594073,0.09149159307231418,46,normal,conservative
578,14.492172148965519,48.23772621305659,13.356237669915583,11.043798056207875,0.045766793631210535,41,aggressive,normal
579,9.79662980185759,62.06728861478433,16.297578213745346,13.83644019831624,0.03191796677846049,62,aggressive,aggressive
581,19.047918068615573,27.24999157543574,12.597215710436869,11.307039784928966,0.05516529128606141,22,aggressive,normal
582,12.858443679312384,44.8528492561265,10.785813866176282,8.53258657449691,0.04964458365669465,45,normal,normal
583,16.568020723458652,47.842797664463085,15.541068565495348,13.314554798423236,0.044278013035874225,36,aggressive,aggressive
585,14.468816907747629,42.92503736016497,12.35354576397525,10.054276602275724,0.0462889340453576,42,normal,normal
586,16.808246025904765,51.46436018782803,15.973610984325047,13.723992242117195,0.0687732501003297,31,aggressive,aggressive
587,12.174443584033607,49.05845377888458,13.052042814265885,10.718275151862095,0.042919600523145085,17,aggressive,normal
588,9.851230297641306,54.67825365847637,14.528041374262825,12.01575809196486,0.03638676143932877,61,aggressive,normal
589,14.326134017103989,75.85782056984114,20.790113954640145,18.754785532320334,0.04922102705938096,42,aggressive,aggressive
590,14.928920402823532,41.830902196532,12.367568939828013,10.149348015542778,0.036206559976413914,41,normal,normal
593,13.431757025665863,36.03392851730169,10.441213780895911,8.02511578693987,0.03484139633451566,45,normal,normal
595,13.893810300977618,41.54455694339871,12.06512471971569,9.785739479063896,0.030639259931234755,43,normal,normal
596,14.577716779619482,44.06883982818881,15.709228569285239,13.352039893335828,0.046657051917079057,41,aggressive,aggressive
597,14.25570207981859,75.81508771639696,18.024050946507188,15.801135944728658,0.035640614271501475,43,aggressive,aggressive
598,10.025166667602452,47.06863594287531,13.349200199190738,10.581184464814795,0.03630096905528756,61,aggressive,normal
601,13.688985451727358,43.14554596032754,12.227536824679008,9.77978677721162,0.04978067613852476,43,normal,normal
602,14.169504516083464,50.053008329460624,13.027793578569971,10.88750623726732,0.038103934764405725,43,aggressive,normal
603,14.691089083583071,29.336080818174842,12.66307783728025,10.54982922251457,0.06886778888855727,42,aggressive,normal
605,10.262332158534331,56.440261322867734,15.571223837287732,12.770184615528843,0.03836768618290187,56,aggressive,aggressive
610,10.999997280736682,69.81872668814034,16.684382657092282,14.13309023955162,0.03798063487229338,55,aggressive,aggressive
611,14.09618064097156,33.35845112282006,10.147162811044875,8.30357474161931,0.05841568330838167,41,normal,normal
612,14.633613197775865,56.92086260368565,13.193375988416204,12.320712310581323,0.04313422816920858,29,aggressive,normal
615,11.034909339070573,63.54985524277101,16.540327461265136,14.110285756211148,0.04028802906755299,55,aggressive,aggressive
616,13.980900759581887,33.91547546894469,9.85615245657589,7.957190229877992,0.04191792326001596,43,normal,normal
617,13.897218803153581,41.500677318578596,11.661692035760375,9.932326583004642,0.03975786925230669,42,normal,normal
618,14.757636035597193,21.97867435593004,9.481637871997645,7.3637494400511185,0.0530518070390865,40,normal,normal
619,11.78317083390192,71.90892011697001,17.561364880299738,15.272142490100682,0.04219508644847865,47,aggressive,aggressive
622,16.220898070857146,43.46022927157792,15.532980199541605,14.97019355072526,0.05347847031753185,25,aggressive,aggressive
623,14.085834172959187,56.01760125634576,14.30716323862904,12.759491195828717,0.03413550358031865,44,aggressive,aggressive
624,12.911432947172019,47.08589195213846,16.078340974309135,14.113630292246942,0.0330223017342568,40,aggressive,aggressive
629,14.030290197968254,49.24048357207201,14.046924888832296,12.421705831817539,0.03975857611388482,43,aggressive,normal
630,14.256865355691716,58.16740194274497,15.202615363466196,13.867110466528883,0.0327819136336844,41,aggressive,aggressive
631,13.229765421608636,36.47892666616356,10.48798173932831,8.857676677577668,0.03825304085819466,46,normal,normal
632,13.702979678215074,24.127754636119143,9.490042954281781,7.855836175115153,0.038764715156610015,45,normal,normal
633,13.362642272247502,51.295980779414855,13.743068091296085,12.274204996545803,0.03202145564693319,45,aggressive,normal
635,14.490347169392443,55.150938968775044,14.461865129111171,13.056682305088795,0.036726671427612094,42,aggressive,aggressive
636,14.230284554954961,41.6958692614781,12.502162017499558,10.904138806716285,0.03956515306632773,41,aggressive,normal
639,14.46633975216253,48.35298207639882,12.722474549049897,11.282062117900137,0.035594507532224394,42,aggressive,normal
641,13.16789034956574,42.08639309276198,11.406790027398296,9.864188395510697,0.021682639321700583,46,normal,normal
643,14.460643416177422,26.626159560409597,10.445746339845952,8.63452074522768,0.05282298306176492,40,normal,normal
645,14.468932616120574,50.219721362036836,11.994274754961328,10.481808442875836,0.03520514154488504,42,normal,normal
646,14.20428181745315,47.198893712616425,12.25459366581951,10.766673567423265,0.03606427058896344,42,normal,normal
648,13.929736650520343,39.904168614443535,10.915168386747824,9.157935171942215,0.03761179959979282,43,normal,normal
649,13.801411664520149,33.454967443903435,9.886907028737127,8.12129511305569,0.04247386444515514,43,normal,normal
650,14.376217477886495,36.42761894409596,11.793931776556155,10.176304590287577,0.04446936395408537,41,normal,normal
652,13.665532049705606,37.400651277697136,10.412556387098094,8.467220308203865,0.02165022574019183,45,normal,normal
653,14.860807182252112,52.843443924393846,13.87154867346176,12.289899028819871,0.04490588772839386,39,aggressive,normal
656,13.934145793480361,38.99292474028173,13.665126289062425,12.047562885193315,0.0833949428027692,19,aggressive,normal
658,14.482846586929385,34.720319875993084,11.160627169189901,9.098996550824204,0.03258142198845984,42,normal,normal
659,13.868829303861846,44.57159411507943,11.404890803440054,9.314551318465007,0.028934649758869554,44,normal,normal
660,13.89607525814978,57.97465413551925,13.434081892280705,11.525191187480253,0.032719858318912026,44,aggressive,normal
661,15.444778322369348,51.69511405115093,17.001425993781606,15.37700929064563,0.04546501513738039,39,aggressive,aggressive
665,14.36425132795315,42.18977956262018,11.952294718492674,9.65970669982699,0.0407323822924589,41,normal,normal
667,14.218013739768338,53.81682272797938,15.48229968854787,13.29846374025833,0.022175773393698615,42,aggressive,aggressive
668,15.482851669297062,47.12860237999263,13.865922328584432,12.150868754949958,0.018658364951154784,26,aggressive,normal
669,14.24188153462035,69.76214337106939,16.278368842794457,14.230215129792322,0.02781895276134078,42,aggressive,aggressive
671,14.514868754811166,42.9015957503656,12.818324775126149,10.242430110227122,0.03503812163147221,42,aggressive,normal
672,15.653920483734098,30.27605802985664,12.496262947466828,10.02039227078244,0.06263000243608642,41,aggressive,normal
674,13.790372188885394,38.409309643301135,10.270364403414773,7.54782935459219,0.054196040144653825,44,normal,normal
675,15.037713501496597,68.24875563390626,16.90731783256466,14.34328943766757,0.03115897580510779,40,aggressive,aggressive
676,15.860679487293607,70.19178979191072,16.06035444267787,13.658311142699159,0.025931599422521982,38,aggressive,aggressive
679,15.275575013214274,54.45164355910013,15.564929491737203,13.222905489752028,0.06281893746701503,30,aggressive,aggressive
680,14.054446247788729,23.239148160636198,9.219004346612246,6.365185115984735,0.04158466777188912,43,normal,normal
681,14.709797503878027,61.08212458119891,18.156384308774747,15.47426258106535,0.0445903223440879,40,aggressive,aggressive
682,13.745307419254665,43.37430111829501,12.916042732750618,10.019309984202362,0.048489440627768894,45,aggressive,normal
683,14.766416889528266,39.773747766647595,13.930542793571341,11.069329720994288,0.020179299971268095,38,aggressive,normal
686,16.51627316254827,71.64735804369847,21.52014275598482,19.285772705634578,0.03587416988637768,26,aggressive,aggressive
687,14.980837048969937,63.84849362394608,17.29068801483633,14.254545093326106,0.03920641757018394,41,aggressive,aggressive
689,12.210056542098597,45.67976730808032,12.976364801687957,10.55016629233475,0.05960007785302236,31,aggressive,normal
690,14.249099321137681,44.54534831821438,12.040649217068909,8.94104327301646,0.025425002077006605,42,normal,normal
691,14.861400970218499,41.320742900138114,12.118334602616276,8.994987298125649,0.037665552362906654,41,normal,normal
692,15.056130834149656,68.2836735517866,15.47685359383708,12.3845973844219,0.02767049166100776,41,aggressive,normal
694,15.19635711669535,24.092784269005914,10.36821269893227,7.231096298117437,0.041138232009158136,40,normal,normal
695,15.854922713729147,26.99039028908864,12.267505038229576,9.479663925137167,0.05724823168408811,26,normal,normal
697,14.413373565217393,54.27406185164474,13.56309575144647,10.332469884177367,0.030930492277935047,43,aggressive,normal
698,14.585201176563524,32.488928808947875,10.270519131602793,7.0565990606134585,0.03665278558755843,42,normal,normal
699,12.001644953540378,42.74933714049053,13.548178963411798,11.094251733977634,0.061034103328356286,32,aggressive,normal
701,14.942370968584957,59.4361156480218,14.940623883297219,11.824543579954781,0.03327845810019222,39,aggressive,normal
702,15.36584352371638,71.66437642964121,18.808429233139005,15.973686512237188,0.02969937265493621,40,aggressive,aggressive
703,13.957937729456381,74.48459578054414,18.114973558442337,15.368934827257965,0.034380601200439766,44,aggressive,aggressive
704,14.769198750414319,92.94383192371606,19.191338666177298,16.315346189063497,0.023207190043646263,41,aggressive,aggressive
705,14.594752746684268,49.824872603379426,14.128739123110142,11.176970106734178,0.0255545306089316,42,aggressive,normal
706,15.041967137551023,56.512251262619074,16.588220719268993,13.769429700473781,0.03325199934384068,40,aggressive,aggressive
709,14.074280337232363,67.00248367455451,16.770475650434907,13.851141460161665,0.051622329076832174,43,aggressive,aggressive
710,16.206013332190476,64.56051449061913,17.065109395076917,14.518703366251724,0.050840501139684025,27,aggressive,aggressive
711,15.003796496640662,39.69555611412908,11.882968245832622,8.95848825206909,0.028341585733236287,40,normal,normal
712,14.920576805673761,40.22977582588081,12.627324228614247,9.706763812356145,0.039073154982677466,40,aggressive,normal
714,14.906304609349048,53.917701291118405,17.742386871710416,15.23905551069816,0.08272583076392276,30,aggressive,aggressive
715,14.664115364713648,41.805656692247005,11.482233672710061,8.62270030085885,0.03377234853327431,42,normal,normal
717,14.966271233581578,42.62336300867122,12.725222551279616,9.867730138906845,0.03738894675105765,40,aggressive,normal
719,14.817600282763253,47.98578274316397,11.440196262348477,8.715311834379397,0.03539661464679262,41,normal,normal
724,15.568633127388546,66.93064234030922,17.711506371593316,15.385997848309865,0.039678874936443495,26,aggressive,aggressive
725,14.795985308651895,59.663113872345605,14.285675508635405,11.591124244565227,0.028592260295135796,39,aggressive,normal
726,11.50692650266614,56.39241894904722,15.75192343515025,13.430208592517314,0.07803734841376293,31,aggressive,aggressive
727,14.872694964555258,66.78216758684928,14.884105045713566,12.323808143293055,0.030383945988120754,40,aggressive,normal
728,15.041352042857147,33.18365635033237,11.211370224981742,8.515328470744034,0.03133272104521455,40,normal,normal
729,14.516959570111926,32.62299183093895,9.672826114045316,7.122887938081668,0.04982799572686959,42,normal,normal
730,15.13960683855094,46.81338672731594,13.347266679613913,10.924364965896832,0.03366966439935025,40,aggressive,normal
732,14.88637241153341,45.49238997115741,16.18016461137816,14.299979955163744,0.0323330806654602,26,aggressive,aggressive
733,14.98620864285714,24.800476482200136,10.047576933560457,7.4988293230216945,0.040380963689676946,40,normal,normal
734,14.918343355623087,44.72440082066643,12.180936060456913,9.738983205900851,0.03419551654779759,40,normal,normal
735,13.486488408198758,59.0603449921563,16.638933898079216,14.421416066737828,0.04127139164832728,44,aggressive,aggressive
736,14.320011343245005,44.16989926293576,11.622392667146354,9.14641782544288,0.04660840274991059,43,normal,normal
737,14.618706267683125,58.168424450897994,15.180225269691913,12.909222862201432,0.033300705861526426,40,aggressive,aggressive
738,15.10207459712919,49.97951188810869,14.775944937171284,12.557187634309756,0.02697344587879274,40,aggressive,aggressive
739,14.205887135778632,58.92709396051165,15.93010517672539,13.625135930752252,0.03668648514369631,42,aggressive,aggressive
740,13.199368345138055,40.80220892300663,13.293126320220106,10.924941104337254,0.031001588997622856,46,aggressive,normal
741,12.575502041231815,43.35081201391801,12.853165735854864,11.055424427464263,0.03528792061173362,24,aggressive,normal
742,15.209807452805515,33.603791093007715,11.797580635187844,9.57903223779131,0.03968089615438365,39,normal,normal
748,15.31418719346541,56.28955573335598,16.10648585166603,13.975544704709497,0.032156411246559956,40,aggressive,aggressive
749,15.387915475121957,58.029216174234094,15.786288225257866,13.583719845823294,0.041677390223770094,39,aggressive,aggressive
750,14.993144614048193,43.4453973203597,13.828511931239769,11.574759345256677,0.03009535940574511,41,aggressive,normal
751,14.318147244155858,44.03047295078211,13.427822349197081,11.135546230195866,0.0295763119746415,42,aggressive,normal
752,14.088685181007431,51.29263777770246,13.364669215176038,11.035503462727691,0.03877585137562742,29,aggressive,normal
753,15.002152009819289,40.18844514253753,14.19865605560992,12.014040903364327,0.03941646576736979,41,aggressive,normal
755,14.928538046039254,42.21506773975848,11.888669166006915,9.54337285298444,0.03658987556915165,40,normal,normal
756,14.864865137478985,27.04346385509606,11.019340230952984,8.645331034882576,0.052730938069320096,41,normal,normal
758,14.773348297142872,43.35868417148358,12.249118346435798,9.954726003035118,0.02783965644564846,30,normal,normal
759,14.842315282151263,43.52665141232262,11.83323340116965,9.478242425342094,0.027509008178639296,41,normal,normal
761,14.621930897447802,46.60373131344808,12.887175618891554,10.634824160192403,0.04453807366992355,41,aggressive,normal
762,14.863594983798315,41.44098013973679,13.38328152594072,11.223585417339063,0.04052423466574749,41,aggressive,normal
763,15.11032348914012,44.986291875269494,14.065579593457931,11.886728071613815,0.03520380441440486,40,aggressive,normal
765,14.838877138151267,55.561476585969544,14.754553032022214,12.405955641865681,0.04053028001664037,41,aggressive,normal
767,15.191526010464715,69.59930137267332,16.445196715254095,14.295660361526654,0.034000444197509014,40,aggressive,aggressive
768,17.33380048081633,43.0828440799575,14.378422002651837,12.260922668958246,0.07053100198244848,26,aggressive,normal
769,14.643336764285698,51.6178272740713,15.098173057135162,12.915570556799022,0.04133880919277736,41,aggressive,aggressive
771,15.080396991972775,53.80759154750474,15.874596993852006,13.826091062976198,0.058132346275381504,39,aggressive,aggressive
773,14.556949350973289,43.81372506787848,12.406767727097064,10.249503455487439,0.026465427650068887,43,normal,normal
774,13.475966880839248,46.74390527266283,11.58457401909843,9.397267351858616,0.029944362695417316,34,normal,normal
775,15.000517914285727,49.109150521370154,13.861470046894068,11.699303618655875,0.033105545518013556,39,aggressive,normal
776,14.816491047216635,56.37916403433234,15.429657678366931,13.438342878574698,0.046568938161938585,41,aggressive,aggressive
778,14.442818218372016,65.05990703427723,15.420557137845053,13.27517238417361,0.038569231563650254,39,aggressive,aggressive
779,14.840211921529189,53.100073216672506,18.483835023435482,16.674925311059923,0.051684492423889866,41,aggressive,aggressive
780,15.25885852482143,40.74172833930433,12.085703751169348,9.958910941756121,0.07105188495518898,30,normal,normal
781,13.287484546112113,32.446475969833195,9.676442396271037,7.557518848867172,0.0228616242581709,44,normal,normal
782,14.743509097758453,30.278476056109394,11.666691105427105,9.554051278285328,0.038522196485138584,42,normal,normal
784,15.939101515495606,70.47800777722057,20.771428196032463,19.046714788822577,0.04549124592045699,26,aggressive,aggressive
785,14.811975083557945,31.014443524949908,9.318504702195106,7.120051633321323,0.04240750323961891,40,normal,normal
786,14.408416095238092,19.572745131340994,8.340679204973364,6.260411175923745,0.06227429295162109,42,normal,normal
787,14.82048465236975,54.41303606190261,13.862073049974464,11.821916139288016,0.025743792951976697,40,aggressive,normal
788,14.150389400640597,41.351481109893356,13.763676678331896,11.819951522912783,0.0506606117344606,43,aggressive,normal
790,16.127526680245175,45.230369730519286,13.827074850135837,11.94635607680716,0.02307013784588184,24,aggressive,normal
791,15.1035584223364,48.085977701336425,12.255181803067757,10.302821004314854,0.03557170265976255,40,normal,normal
792,14.64518789687709,47.63156698519818,14.313072724857182,12.361900782136198,0.05668687257330589,40,aggressive,normal
793,14.135849096604742,33.782851939759965,11.467441976510829,9.460079213413245,0.03617872877579352,44,normal,normal
796,14.218516329601028,39.35440987244018,12.603595512149477,10.657853362207794,0.049167230436537285,42,aggressive,normal
798,12.82105033255269,38.43906322706633,9.032530146957878,7.091998591558211,0.05223027075558499,46,normal,normal
799,14.912521514353253,38.48852705030919,12.002229555997086,10.04230835336404,0.03331238963310363,40,normal,normal
800,14.143100143820229,57.3361012991726,14.432792896836219,12.544134742306687,0.028041385275064796,43,aggressive,aggressive
801,14.158780774703049,41.77278686361127,14.803555319810762,13.073670391327918,0.05317375568698853,43,aggressive,aggressive
806,14.174381355704696,64.60928628644636,14.740210906250358,12.872613775604066,0.027701640985708466,43,aggressive,aggressive
808,14.860058601482486,46.28550770379195,13.15074595659648,11.284788571342645,0.03335412238789226,41,aggressive,normal
809,12.912664284801822,67.87911528725252,14.617138760566052,12.721352359818953,0.029176314258633883,47,aggressive,aggressive
810,14.484258516524033,19.52564619138026,8.529182508138213,6.520995585434354,0.07107906910307067,41,normal,normal
811,14.081212451708517,45.574964117947836,14.414260892292727,12.561923067905726,0.061083937390400404,32,aggressive,aggressive
812,14.115657887500006,59.02174510486452,13.931471982466565,12.132047014168467,0.031920790674067376,42,aggressive,normal
813,14.119534805484706,66.85152577977338,19.422912251158753,17.768244526301704,0.046972315984493834,42,aggressive,aggressive
816,14.3324536542773,70.76229774998258,17.806102956136886,15.97081240125316,0.05145137954251795,29,aggressive,aggressive
817,14.181756360745355,63.56184453908793,15.547449311279678,13.639611296228704,0.036982477117060694,32,aggressive,aggressive
818,14.764250623887591,46.70346697892823,13.714365908768261,11.721068914599133,0.041446214676911494,39,aggressive,normal
821,13.448756720073092,29.808490885378188,9.325110794001105,7.278034617340022,0.023205063612833275,45,normal,normal
822,14.031404379047629,36.77183713623389,14.512666527467811,12.61532291208611,0.05656955816107285,44,aggressive,aggressive
823,13.03036132493344,33.44501624895932,10.087846371651306,8.000419758405505,0.056742533997048296,46,normal,normal
825,14.28507115578539,26.69853283094384,9.440930495507397,7.448550175940714,0.030134067777639353,42,normal,normal
826,14.591378729232792,48.60575199423844,13.18829435077801,11.335694772515266,0.030670199019729272,41,aggressive,normal
827,13.730695193664593,48.31840753853152,16.01608574420122,13.783809894984433,0.06151728158037986,45,aggressive,aggressive
831,13.847950193767709,41.21052293225787,15.35838379277083,12.866426810674056,0.09833257885580315,32,aggressive,aggressive
832,12.541343430282298,49.543997879577084,12.136545145123106,9.73318837553741,0.031640358965815726,49,normal,normal
833,14.478232762430213,57.9993847943937,14.231823628303486,12.301279754601271,0.034806733157964065,42,aggressive,normal
834,13.56130018801843,52.20757250898326,17.32136094458122,15.045594509538006,0.07019439488372373,45,aggressive,aggressive
835,12.53032819732413,53.97533004298127,16.246155956229405,14.375428047330855,0.021947852091415237,13,aggressive,aggressive
836,13.945017317825547,20.639639859687794,8.989474700265317,6.5583373501441296,0.046694105617366116,44,normal,normal
837,13.955130723052658,30.755174816967653,8.861170838105016,6.507145775388031,0.03202098769960625,42,normal,normal
839,14.402354216541356,55.351080500628015,15.083856533213378,13.025428772921224,0.044002741439034064,42,aggressive,aggressive
843,13.159904717447054,39.58936083653406,15.39347093245078,13.03992272385997,0.06845650675060712,46,aggressive,aggressive
844,14.260805322430508,53.09649588908299,14.847921455831688,12.590815210688335,0.04305979408430375,43,aggressive,aggressive
845,13.988349725942347,53.38779847607681,13.152671748589736,10.599216311676072,0.026363216025234858,44,aggressive,normal
846,13.047762541141665,53.30614286507272,13.292381262920362,10.898087421367814,0.019442841684928568,44,aggressive,normal
849,13.986250271523595,58.999021793677166,14.170183791429276,11.688024296270902,0.030001876356748315,42,aggressive,normal
850,13.84371673456829,29.373955713639432,9.150441692705737,6.550341077823309,0.04906394733642528,44,normal,normal
851,14.117554761265586,51.655168436931305,15.927172692219317,13.656533201165617,0.03431053165374972,44,aggressive,aggressive
852,13.089675591245186,56.87270694059762,18.15245236614147,16.010054163151754,0.055689577189137966,46,aggressive,aggressive
854,14.081971236433368,50.87641965478178,14.71140431995176,12.329870779169081,0.037589880731038354,41,aggressive,normal
858,13.737366878431372,48.61386026519733,13.003633319968198,10.586251015867056,0.04002186363026677,44,aggressive,normal
859,13.208918438493715,24.612244592115633,9.583436306451372,7.105713520193957,0.022800443436311282,46,normal,normal
860,14.101336923894932,35.679946940372425,9.97082089994409,7.314255509388568,0.029701711638421998,43,normal,normal
861,12.739287625576042,42.83220899331889,14.62427486451238,12.19056081691442,0.06595738172563086,48,aggressive,normal
865,12.37530555828907,46.905830254567505,15.899371349509606,13.38638017775183,0.05322117280986287,49,aggressive,aggressive
866,14.386492825760058,61.95577608059024,16.65013162437035,14.046110382150543,0.024643254502610675,41,aggressive,aggressive
867,13.60409615809937,45.401022400300874,13.15379006784396,10.628004395661396,0.04827148201422135,45,aggressive,normal
869,14.20768221621621,50.806667325255376,12.972363810617784,10.287035031639139,0.04624697684903331,41,aggressive,normal
871,13.895853579609822,65.03111224944237,15.41053157511948,12.720128811007203,0.03994463547158654,43,aggressive,aggressive
872,13.514282590680567,42.00894619524719,13.355760626523912,10.793481105805643,0.033884148077065274,45,aggressive,normal
873,13.988326361482422,29.879703222743558,10.552297579741529,7.899753158503993,0.04119834856269423,44,normal,normal
874,12.49035594455446,51.67815156194556,15.6347804662658,12.862884375422325,0.04818376493530216,49,aggressive,aggressive
876,12.419830385009854,66.71772411968334,19.12852561577094,16.31233245846943,0.0730210457225387,48,aggressive,aggressive
879,13.517170587090842,59.21314048474575,14.719787548016242,12.025448080614257,0.03661215102704704,45,aggressive,normal
880,13.731368822208356,26.649904838485995,9.988963740564952,7.24933433187593,0.038675807133760946,45,normal,normal
882,13.877166405274728,41.78097033456383,12.585691169726122,9.882221380855793,0.04170598154002401,44,aggressive,normal
883,13.902077906356201,66.6969464268995,16.452202993387928,13.942743118136805,0.04687501637822182,44,aggressive,aggressive
885,11.823133097099895,46.346885978998365,15.876811187974779,12.961511617785309,0.08058396608056922,51,aggressive,aggressive
886,13.804412246952177,18.629728719016175,7.570802037870123,4.780740008941789,0.06074151394181968,44,normal,conservative
887,13.531960352176577,58.33600903452207,15.883386098480006,13.26206368711511,0.041258884939040855,44,aggressive,aggressive
888,13.775122960449155,59.35674126902126,14.311121411894582,11.629795977962617,0.031917468896128585,45,aggressive,normal
889,13.5905692983647,58.49951733499279,13.764389196930845,11.124273257161265,0.027977643071833026,44,aggressive,normal
890,11.510543333785181,52.74220497329283,16.006000810197055,12.934349809893131,0.045746106010530634,53,aggressive,aggressive
891,14.176967531069845,53.697871755668324,17.937455296954592,15.454522487760665,0.0449935261184817,44,aggressive,aggressive
892,13.386331450894758,40.754867416443574,11.603900683268584,8.851059601347794,0.047588637394195506,45,normal,normal
896,13.754810391890212,24.990004223309096,11.08666046489557,8.280322100087222,0.04546901091352874,45,normal,normal
897,13.618335032891085,49.962700914485694,15.681881601449701,12.80721551577882,0.050818866724415775,45,aggressive,aggressive
898,11.497742837678883,65.31832474118524,18.69356719632849,15.624013212269432,0.04339902452566444,54,aggressive,aggressive
901,15.770455200434547,42.720485554599236,14.031590069797602,11.293846978232612,0.053404636474010767,11,aggressive,normal
903,13.311699983932368,40.577862426425334,11.271222987196914,8.381903503231214,0.04599823451062695,45,normal,normal
904,11.390359704177406,53.101938228870864,16.765617886643135,13.584707371095657,0.061969743829474004,53,aggressive,aggressive
905,13.610346141190986,51.30988422846896,16.145493390403356,13.063099849666319,0.04162053488030571,44,aggressive,aggressive
906,13.54111351655915,47.45385872915155,13.382201754766358,10.398212734901962,0.03880856209462066,44,aggressive,normal
908,13.404286706747717,47.846898487285145,13.015331822090133,9.935980294123604,0.04143098167377415,46,aggressive,normal
909,14.21934094704934,31.220912510418025,10.93644805795336,7.85042005620179,0.05458523155160149,42,normal,normal
911,13.60350035262833,39.024747486004934,12.55101231178807,9.487855267192398,0.0406626981637294,42,aggressive,normal
912,13.382904153472863,60.58689598628018,15.486679463501684,12.503843737208179,0.046859499786560316,44,aggressive,aggressive
913,11.181406789785076,41.45511685368811,15.026637381964761,11.875117010439029,0.06708851132998896,56,aggressive,normal
915,13.587197100492615,35.17552106351845,13.00864609289748,10.061784807318924,0.04522581148524207,45,aggressive,normal
916,16.155587480037845,49.98376286338018,17.816151823989284,14.535245355521436,0.07213089498612578,25,aggressive,aggressive
917,12.886229876365775,36.31844144816441,11.021144995503773,7.866472910576419,0.05260550457411031,47,normal,normal
918,13.941656281289504,65.93326503337613,17.83110600681692,14.83110007091346,0.050590617246840115,44,aggressive,aggressive
923,17.200398771933372,69.06208398484883,23.21391114104825,19.945099332883654,0.04179115245522192,24,aggressive,aggressive
924,13.940697627625363,20.684534140486555,9.480260559653516,6.142152283025514,0.04848357569379734,43,normal,conservative
925,11.581671928807339,67.9385521052288,19.764635879989317,16.665858428678494,0.04103544495183163,52,aggressive,aggressive
927,13.553524167250393,44.73925937527576,12.847272728727031,9.663972516305547,0.054488762575032254,44,aggressive,normal
928,13.66539309015736,45.97918688463791,14.219540989784097,11.130424878944266,0.05298635896182379,44,aggressive,normal
929,12.930067965339573,70.17691420178147,15.842939171798536,12.770675433792844,0.026907909972803283,47,aggressive,aggressive
931,10.891840053787313,43.569369850922016,16.733782915615926,13.72577621608263,0.057412850517827914,55,aggressive,aggressive
932,13.803637717661768,48.87236469635802,13.116294552377004,9.965875796168486,0.03934653943376762,44,aggressive,normal
933,13.382030738610862,50.726964326161095,14.513342556193352,11.33005597789651,0.043867294808400875,45,aggressive,normal
936,13.634678939022885,50.51192760782813,13.647197478573087,10.46240739922469,0.039580776301067905,44,aggressive,normal
942,13.82421613253618,48.91451608462851,12.820279312712705,9.602025344652983,0.04981796081415708,43,aggressive,normal
943,13.16492288780197,28.094467138054107,11.657718770569423,8.48920815198213,0.05293830467354483,45,normal,normal
944,10.731290717352168,47.78414308440521,14.823603590513276,11.731168870490649,0.05173115765313283,56,aggressive,normal
945,13.384183552320284,28.623950104144985,11.488869622381031,8.14930609501744,0.06379343268650854,44,normal,normal
946,13.274791458045126,57.85592918258261,13.799911910754027,10.382283380509305,0.03077878589613508,46,aggressive,normal
947,13.402878861389137,42.10263110247737,14.050428748777819,10.749497384457571,0.04096676325060261,46,aggressive,normal
948,10.661400494271206,53.83606250772424,15.959479097659838,12.60483732218329,0.05693410288146108,56,aggressive,aggressive
949,15.146690663996425,53.22490044001114,19.21543038913743,15.983401835235911,0.04893349486281188,29,aggressive,aggressive
950,13.390237589104101,70.42488721512157,18.833861768240155,15.618583735426544,0.03899416439609637,45,aggressive,aggressive
952,13.723862530558993,69.93174390046994,17.325546379077313,13.926357527349216,0.024052734753823392,44,aggressive,aggressive
953,13.4742323019536,34.11704696327968,12.792705984108023,9.303458458847802,0.06272232434453401,44,aggressive,normal
954,15.573302254678238,39.3834446785788,15.333703178303905,11.965579923591976,0.036456772059559495,23,aggressive,normal
955,13.564692785253452,50.89027016769655,13.810598311373155,10.128723121151516,0.022815498618429877,44,aggressive,normal
956,13.507438987301603,29.996694233263376,15.345009725235146,11.77576366474785,0.0327965707100482,26,aggressive,normal
957,12.400900000000009,35.96733971639131,12.988113370517782,9.50814645331374,0.060295385584234217,49,aggressive,normal
958,14.030851304846946,41.4320178868905,10.22150201214495,6.351492517375712,0.055202106328097945,43,normal,normal
959,10.276825236694677,25.029137755424355,11.0423699322536,7.502550959535085,0.053139460449673666,59,normal,normal
961,13.336744533939932,43.115636851535164,12.348838978018243,8.774641070997749,0.05222590701008126,46,normal,normal
962,12.56156538838932,50.256189104763,14.422892338219008,11.009061584977855,0.03865093146607567,48,aggressive,normal
964,13.501706159559483,63.838264296415936,14.892302079580274,11.260757742907554,0.027030283186235918,45,aggressive,normal
965,14.230618793406611,46.53601572246794,12.755619710369908,9.089838810243972,0.044916159806637226,42,aggressive,normal
966,11.576257054526428,63.77195127899892,18.991050850989968,15.364752450273105,0.034498426553953535,53,aggressive,aggressive
967,13.402577173794361,19.06358061742247,11.055898644777793,7.436129034257038,0.050122440266105704,45,normal,normal
968,12.453966578769057,52.10775203943203,14.044669311977175,10.381907396949767,0.03647058482397089,49,aggressive,normal
969,13.334216074491975,46.19675696630406,12.404217369438925,8.885636462401143,0.02453268249542616,46,normal,normal
970,15.286284757356077,56.41068593901314,16.74629774500283,13.126937391634899,0.007299828748759625,12,aggressive,aggressive
971,10.822476739911632,53.683534301224554,16.873560471667854,13.395827404101958,0.03573801961787339,56,aggressive,aggressive
972,12.386534302633054,61.34785332387158,17.343969518967874,13.571383442160366,0.03244923864957851,49,aggressive,aggressive
973,13.526780122624139,31.418674492838203,12.594279252716822,8.99398921773935,0.0353417717197365,46,aggressive,normal
974,13.414354741762928,27.56997026492832,8.548613257503515,4.815497635625963,0.06276966661735066,45,normal,conservative
975,13.89395967316304,42.45214087474406,11.059215817350188,7.2414519817906955,0.03324915953572859,42,normal,normal
976,13.49155947727136,62.41489548554662,18.365899055722252,14.924575029020184,0.04610474666958512,46,aggressive,aggressive
977,12.405489728571442,45.79959647378399,13.835137702441111,10.088934860296693,0.06257418338550277,36,aggressive,normal
978,13.140586283333331,45.52745782607069,12.84777408925283,8.874680870890748,0.03983510239613535,47,aggressive,normal
979,13.468411709024158,62.11724913939095,18.826377408945927,15.32625662577684,0.04216752634573273,46,aggressive,aggressive
980,10.555964738270422,50.768841066925184,15.777709539653307,12.33698941273367,0.04781237852524583,58,aggressive,normal
981,13.315729973839655,64.87006537623257,16.501541235678054,12.570816390397635,0.034647590749973624,45,aggressive,aggressive
982,13.198706749326139,29.161116748505897,8.28142110215712,4.4183318871373185,0.06380946455025119,45,normal,conservative
983,13.189716412099429,65.25097051243726,19.31913936421997,15.707272288175965,0.038073914330184484,45,aggressive,aggressive
986,13.068892113454115,46.68520643751363,10.218949533379233,6.289874072363137,0.03524379778407743,44,normal,normal
987,10.568067720603008,48.368778831437346,16.120702536683993,12.68623928069402,0.03959497199436927,59,aggressive,aggressive
989,9.855088696629215,30.85756103885615,10.739563479610107,6.977932196550941,0.16949526242699944,60,normal,normal
990,13.682763642484455,60.53891072347291,18.673846883393022,15.015351810013676,0.06951796401989724,45,aggressive,aggressive
991,13.86990445047199,54.68043148676806,19.177286002683942,15.443834495040173,0.049157319581754635,43,aggressive,aggressive
992,13.159626355263947,26.36324921457642,9.08167427641391,5.0028641530086615,0.04378173416461603,46,normal,conservative
996,11.45431763395444,56.16511535796631,17.284074359938373,13.617173925833358,0.04640317215884365,51,aggressive,aggressive
997,10.524900155360115,71.28310658495953,20.062385390598884,16.695288689312488,0.04024976649051863,59,aggressive,aggressive
998,13.154922908559486,55.29065950964901,13.497774637417825,9.823344123296385,0.020495374626751398,44,aggressive,normal
1000,13.192410962310042,37.631585603233475,10.640175824296728,6.796066858967509,0.0337167110723196,43,normal,normal
1001,13.09100967777118,35.05202111519235,12.224811105894837,8.377762593978192,0.07108056703102045,47,normal,normal
1002,13.531303170384039,64.05544160615284,14.224608601644844,10.69923342284977,0.01848504142968082,45,aggressive,normal
1003,13.576084892043028,62.34294580358028,14.27197514131518,10.657276197368144,0.019612524607861448,43,aggressive,normal
1005,10.228425724163383,48.98332908856636,15.515743659177378,12.177062701891549,0.04131849593195246,61,aggressive,normal
1006,13.064110570127182,56.54341107658384,16.325893671936285,12.536482188983253,0.06459230607803398,46,aggressive,aggressive
1007,14.800545985344543,37.01041651394918,14.188601900101188,10.694630656715603,0.08855293066024846,35,aggressive,normal
1008,9.799698704373169,40.66662430939193,12.654345492472336,8.868218367289929,0.03050699794807946,58,aggressive,normal
1009,14.587634730382263,25.751126949965073,11.041286305365059,7.690221466605789,0.031359922419698774,22,normal,normal
1010,14.48107131388749,49.87663779663466,15.354495619776932,12.126755945508666,0.05228714580879215,13,aggressive,normal
1011,9.52882321881654,62.04046504262055,16.407617087156208,12.584911564133575,0.031102634718290324,56,aggressive,aggressive
1012,10.220122110685429,69.83246276450703,19.358104261196964,15.987431854909147,0.03620670660499111,61,aggressive,aggressive
1013,16.199949980854196,51.039798742174696,18.63845816480069,15.21680056461281,0.044366229756142656,29,aggressive,aggressive
1014,12.390977583272528,42.97138980430723,14.374266483947705,10.777134472115394,0.05570841287932256,46,aggressive,normal
1016,9.933667943950788,57.37232538677792,16.76898941718466,12.784930825517709,0.05521643268417691,62,aggressive,aggressive
1021,9.542204707684359,64.49212592150515,16.945313554742235,13.106719422526826,0.02128724059052408,55,aggressive,aggressive
1022,15.380716567796021,42.73718815742254,15.024946382793535,11.372024790378827,0.09875403655867576,36,aggressive,normal
1023,12.883306497842577,39.90558205013326,15.052412936616571,11.77250196099642,0.05290312425408084,47,aggressive,normal
1024,11.707886907100756,40.31093848820209,10.949296618815263,7.089528129800711,0.057197030201042776,50,normal,normal
1025,10.073044259041124,42.20821999569009,15.12155386854511,11.091873853144074,0.04659163740750991,58,aggressive,normal
1026,12.610837036167084,39.934384454274394,14.775841756830946,10.905036283474487,0.0571580528716946,48,aggressive,normal
1027,10.353531651491357,70.71902247105237,18.868151418327937,15.130045516127838,0.03250954117200537,51,aggressive,aggressive
1028,11.619896389328746,62.58034412035141,14.521983754715484,10.689990512162055,0.02507669345607724,48,aggressive,normal
1029,13.380123104040713,46.808934371965016,14.600188825593262,10.658509498468383,0.05900924572516922,43,aggressive,normal
1030,13.966511049158257,38.69584894971343,12.974015421165191,9.540593703346168,0.047593047803734315,16,aggressive,normal
1031,10.048769190857142,61.21613856786499,18.038353242371503,14.140111479497524,0.04631691242394903,57,aggressive,aggressive
1032,12.249312076190474,58.083326605672646,16.181761027123475,12.296640137763049,0.03565638290872403,46,aggressive,normal
1033,9.825079936271507,56.879906311436955,18.30299633330156,14.424192703133299,0.05472400358891722,55,aggressive,aggressive
1035,11.318278218906674,27.23551459455063,9.198891834633482,5.231939553346987,0.02835169813227582,45,normal,conservative
1036,9.565923995228625,37.60987544849465,12.507606740326194,8.735741819041754,0.029619372670169068,50,aggressive,normal
1037,13.296776543193271,29.935770846155272,13.040395265672501,8.947954428106199,0.05467879239126107,41,aggressive,normal
1038,11.67080350912522,47.06126291581273,15.273565211816411,11.457574190242351,0.054520884302985545,44,aggressive,normal
1039,9.437143451512755,56.76637269485722,17.8084045496879,14.041501624667813,0.060414270028152174,54,aggressive,aggressive
1040,9.29329877119815,63.94492716291532,16.952386818625193,13.252732224683923,0.03142413411911508,49,aggressive,aggressive
1041,12.897357014462086,43.1121085089537,13.40718561878546,9.483890616414756,0.03937123832245262,40,aggressive,normal
1042,16.487912740571424,52.8407922491648,22.350978120936585,19.152115490072234,0.02640443043609204,19,aggressive,aggressive
1043,10.707376497486466,47.95934106754829,13.668863351775485,9.817547600727918,0.05373334239809449,44,aggressive,normal
1044,11.503879311876867,24.40133107542594,9.366491215191203,5.358804724284628,0.029503667108710108,41,normal,conservative
1045,12.389124883240926,59.9495920347038,18.09064113662607,15.016321740009664,0.043565198249079215,26,aggressive,aggressive
1046,9.21848489523809,66.01335605437755,17.190138269802304,13.463840740923288,0.02928496774834387,47,aggressive,aggressive
1047,8.449098921202438,56.399836427866774,16.761921806094847,13.0781574192687,0.065344939298261,53,aggressive,aggressive
1049,10.504956591818186,63.808436446124404,16.345310925579795,12.547647362160623,0.04553963112127108,44,aggressive,aggressive
1050,11.852453720682274,55.69275247061177,15.438596332189546,11.54074847993953,0.03978582004693256,38,aggressive,normal
1051,12.779084516363637,53.303204980293984,17.26622439337966,13.423645868551434,0.024932445203735814,37,aggressive,aggressive
1052,14.492059344055951,46.91026999066962,15.254741954136216,11.995632936086057,0.06238618171063639,14,aggressive,normal
1053,8.059022847673463,65.4156744206044,17.74102170722616,14.118168738186762,0.04182524143614639,51,aggressive,aggressive
1054,10.091662297646657,69.13949658612327,17.92283928473503,14.120616066296808,0.04305227748489657,41,aggressive,aggressive
1055,9.008969669692341,56.86961366743749,16.063680453748503,12.356307473152453,0.03384379318521003,45,aggressive,normal
1056,8.735904656836944,50.884359565547896,13.606158507144958,9.793255441850537,0.04195281553627819,46,aggressive,normal
1057,9.178337742592575,48.407134833116515,16.071896767968212,12.359487008027886,0.03951300932498304,42,aggressive,normal
1058,7.785988784867303,47.547737758480864,14.470087708639895,10.790272666357884,0.038857853080890965,49,aggressive,normal
1059,11.041618011307932,30.28161124443533,11.529704872761837,7.6577598735769286,0.0468286283199612,36,normal,normal
1060,13.057324677700336,21.321221734988658,9.602845131914949,5.636478374890567,0.05755836950651967,31,normal,conservative
1061,8.968065453830217,57.437545362019215,18.03193449374167,14.384166131394348,0.03199435316114425,40,aggressive,aggressive
1062,11.027398351461015,42.29793791721791,13.10776633719421,9.42609308536741,0.038646782926967535,34,aggressive,normal
1063,9.199723252811722,39.36258589025994,11.503741533521586,7.663137519116067,0.04568247929985888,40,normal,normal
1064,7.50133206607877,50.732246745978586,14.829691105108761,11.078193772192973,0.033566604514371996,47,aggressive,normal
1065,9.059266720723336,53.88852746721208,14.28641962929018,10.416405288100927,0.03905210118388942,37,aggressive,normal
1066,8.73131285269203,54.93729437615769,15.290135322605398,11.51995319574273,0.032818485076070006,39,aggressive,normal
1067,10.662871640840848,44.35016508380214,12.608427398099224,8.836222326722995,0.03776511981649385,33,aggressive,normal
1068,7.577112513784453,69.66961211567863,17.837555181773293,14.049184284126742,0.027896240463620724,45,aggressive,aggressive
1069,8.829153392857137,64.12615445907281,17.20433843510918,13.566500126287638,0.03914264930531823,37,aggressive,aggressive
1070,10.354628251713388,54.81836458843585,13.12853975226208,9.355292256152412,0.03389630800260641,31,aggressive,normal
1071,11.624383428009365,22.190422406995747,10.208139771602989,6.252353176035462,0.09635963322768268,29,normal,normal
1072,7.39930836470587,62.73224403278974,16.072394316843408,12.230083696998793,0.03311753289758151,43,aggressive,normal
1073,8.44868420637545,32.13027282418758,11.230007760007473,7.346312525755628,0.05316780689461628,34,normal,normal
1074,8.78351362295081,53.444391536007615,15.902139360692585,12.20895925713441,0.03464477396833821,33,aggressive,normal
1075,9.841081616088749,64.61499610138164,12.49378177333227,8.629490926179226,0.031179315336144032,25,aggressive,normal
1076,10.769377288581305,49.42398457565785,12.107956074697842,8.061203712441827,0.0567738115710524,28,normal,normal
1077,7.154900430440582,57.691807463787015,15.807854585237564,11.854128559569899,0.04029895911791869,41,aggressive,normal
1078,11.537494706778713,58.46318142427719,19.79526889091231,16.175794609161567,0.03636648616783925,24,aggressive,aggressive
1079,12.862021399047643,50.94068654758361,14.127918104229245,9.961061962873833,0.020687602414420286,7,aggressive,normal
1080,8.554528755536236,42.061096108619424,14.368379431129899,10.554026700518405,0.045373709653923816,32,aggressive,normal
1081,10.204363392778651,49.64246192552244,13.326424289592998,9.102528333964377,0.0277632188102481,26,aggressive,normal
1082,6.878573876097563,61.389842738089364,16.81314104061166,12.694091173015641,0.044636051522565605,39,aggressive,aggressive
1083,8.046741815278365,26.706602672168906,10.02850178711198,5.819450619677333,0.05159651614782622,31,normal,conservative
1084,8.369574635326337,56.320830197417486,17.681340974540106,13.685978224261877,0.04164840033502304,30,aggressive,aggressive
1086,6.678599967472533,56.784915512384536,15.31769290351423,11.166298518079559,0.057027982676917624,38,aggressive,normal
1087,11.158478807474351,56.79451544039508,14.751363319651134,10.522942679313505,0.03370640833010897,22,aggressive,normal
1088,8.433045654285726,63.920739230526806,18.707440661126416,14.636960540718782,0.04261544552684006,28,aggressive,aggressive
1089,12.705578717607938,26.93748419305268,14.118999988818025,9.060704103505545,0.34209351190055715,4,aggressive,normal
1090,9.81168356705069,23.19673311727424,11.32199903718384,7.215338169857858,0.0661068527703514,24,normal,normal
1091,6.5240496763440685,61.61250836622197,17.405009599503924,13.233978911187068,0.07722054220865031,36,aggressive,aggressive
1092,10.841171773787677,43.66449016930862,12.328472018823877,8.164785869960692,0.09121584169306464,18,normal,normal
1093,5.84100594700459,64.48055205865893,20.33817468098172,16.33929893545912,0.060247305180805975,35,aggressive,aggressive
1094,7.123400755869873,43.788623074037964,12.040189777261029,7.784233551594023,0.05606601295701932,29,normal,normal
1095,7.689917733333332,26.424079206051104,11.289936602845598,7.070064779000661,0.05155034004248439,26,normal,normal
1096,9.407860441269825,45.207047134626116,11.684691918735162,7.511847236719173,0.03566704632335486,23,normal,normal
1097,11.859305155555555,51.902454719539,26.497170077854676,21.15952829546801,0.14372406028301285,4,aggressive,aggressive
1098,12.84353278405318,26.01280235686023,25.666906229748673,18.994129110221817,,0,aggressive,aggressive
1099,5.950514049848004,57.86513463648581,20.272039808242177,16.115223176385403,0.0658665405315059,32,aggressive,aggressive
1100,9.139795760617744,68.03036491723718,15.101006723012771,11.035160728858934,0.01866072653431151,21,aggressive,normal
1101,6.8276756505952365,58.57813488902252,14.301585455884362,9.891373900238065,0.03614314312686427,28,aggressive,normal
1102,7.396272755505361,46.225507674790144,14.814907779951536,10.584540312376955,0.03405618856904363,24,aggressive,normal
1103,10.93645933877493,52.517399265857044,10.078498419033952,-0.49666205362034116,,0,normal,conservative
1104,5.63654175857143,70.37934428327893,22.86154196201665,18.702698872373578,0.07935684090117637,30,aggressive,aggressive
1105,9.177863014835168,59.64714847918261,14.757173208621934,10.523049645487932,0.02574214956682585,19,aggressive,normal
1106,6.594204538025189,62.05798428330048,14.066265443101713,9.615297194114593,0.03795564517729162,26,aggressive,normal
1107,7.2720760891041065,64.68782997519473,16.04668188436721,11.916942617367921,0.02734413926979656,22,aggressive,normal
1108,9.542659398771109,63.458984159836625,17.088539258563102,12.768014172973265,0.027306706424850113,17,aggressive,aggressive
1109,6.4700561084990715,74.75006007850745,17.62404060984814,13.39711480768661,0.042975393011630454,22,aggressive,aggressive
1110,9.54168526209744,26.36378778026017,10.17359714557208,5.627056396363589,0.06314716158246753,17,normal,conservative
1112,7.212462359633033,65.89093413471525,17.55734842363815,13.508511118563849,0.021663043337261698,18,aggressive,aggressive
1113,9.556141211092434,52.15287794822151,16.525080017269293,12.145057697472076,0.030343896206013077,16,aggressive,normal
1114,6.058676229691883,53.319809134657916,14.247368969636751,9.9806799246872,0.02525920767060171,24,aggressive,normal
1115,9.469205237621987,55.2608177587037,13.635456455776579,9.201179673271508,0.017739711489685072,15,aggressive,normal
1116,9.276334744322325,60.57077575648191,16.576389126626996,12.193739473310176,0.05341075802348411,14,aggressive,normal
1118,8.813283828571386,47.32345815371292,12.990046823285534,8.44554017082011,0.04827114939895139,11,aggressive,normal
1119,5.850019922830424,56.67750038743148,14.60668641268919,10.472652765640388,0.07022862831829477,20,aggressive,normal
1120,9.36480895317457,56.65300151926615,14.783211399738512,10.40989127829953,0.033293334825768614,13,aggressive,normal
1121,4.421800281213289,45.63016283758357,16.010922486091268,11.682507068225956,0.08382565595673577,29,aggressive,normal
1122,7.562848776886038,33.76029527878195,9.11281766208794,4.7265377468726255,0.01261564299481351,17,normal,conservative
1123,8.92739928253969,41.80763652898304,14.566651290261772,9.985894246934825,0.035581261016881666,11,aggressive,normal
1124,4.175094015602818,82.52841634458704,21.99090571408511,17.86470688316756,0.050653629750531164,26,aggressive,aggressive
1125,7.4565083421602525,65.92047792300735,15.88844315062201,11.644856209540595,0.021797120697437448,14,aggressive,normal
1127,5.252540413342981,63.041219672361265,14.688989493836443,10.564252624451942,0.059873149083036176,18,aggressive,normal
1128,8.958712644444446,46.87866446511508,15.086463020366208,10.611726854396709,0.040139523699161274,9,aggressive,normal
1129,3.729116076854929,74.71481156528765,20.824895182977155,16.838313199565103,0.06713943623203239,21,aggressive,aggressive
1130,7.671340842544281,42.36874673112307,11.960480786927892,7.495701074480873,0.02510673842592078,10,normal,normal
1131,5.00516178398018,65.7354162450814,16.106397663551707,11.913821868568622,0.060331272182106224,15,aggressive,normal
1132,8.370071434285725,55.410638089602195,15.041252558084443,10.869184529163745,0.02438612786259135,8,aggressive,normal
1133,7.929751395054901,52.611960023135374,13.158687557295792,8.743800900186274,0.03763800767508281,8,aggressive,normal
1134,4.96147940369288,71.04788193525489,17.257479941529343,13.11222565274094,0.051515422323231336,13,aggressive,aggressive
1135,3.5155587826086743,68.40699298425629,15.806664017505252,11.831412848867906,0.06352655333336464,20,aggressive,normal
1136,8.522476412072402,67.15649050037496,17.99125173707188,13.991720712957317,0.008364501272250857,3,aggressive,aggressive
1137,7.473385152380927,18.2876572525139,7.998687003701032,3.642123445559322,0.03187393425332415,9,normal,conservative
1138,4.598214444196427,77.66663883483795,16.620918556451578,12.502071249674367,0.046385633731646475,9,aggressive,aggressive
1143,3.166401843530282,77.2051396823438,17.631062564852808,13.62827273099556,0.05591617716376383,17,aggressive,aggressive
1144,4.407410283146046,54.702657114568396,14.49231344715968,10.34801248810202,0.028418060912540382,7,aggressive,normal
1145,7.202884697418242,77.34612632557061,17.41549237691365,13.289499109952088,0.06376019603623798,6,aggressive,aggressive
1146,7.869617072761915,35.886141544737114,15.5205976691735,11.512473908014742,0.002771541793996135,4,aggressive,normal
1147,4.7183405198156185,63.017969124946696,15.411473463793957,11.497871294288222,0.009432839834780715,3,aggressive,normal
1148,6.69400659333335,42.906727394770904,11.343675422111096,7.213929712009761,0.07863746172020442,3,normal,normal
1149,7.382895665306134,39.78981689057248,9.322490445389576,4.484128725042977,,0,normal,conservative
1152,2.844001802787449,57.18827918391796,16.447164309729658,12.266922080533359,0.010933907796968605,10,aggressive,normal
1153,3.9832667047618977,63.97128298793785,17.80929464271554,13.799836275394014,0.016761912842173526,6,aggressive,aggressive
1154,4.844652598857181,29.775755263539477,7.018604106059035,2.0827224154985076,0.08254798524517665,2,normal,conservative
1155,4.919431209852124,54.62097555788047,12.778641521898276,8.263834485103011,0.0,1,aggressive,normal
1157,5.4246076964284144,35.613046718979184,7.419808023336929,1.7486858440463429,,0,normal,conservative
1158,3.4791724990476998,79.90128217865926,14.170871843542091,8.67317505796682,,0,aggressive,normal
1159,4.185147114285692,57.26693363559317,13.943357338135556,9.92083397690011,0.02273931275406385,4,aggressive,normal
1161,2.151231228571434,75.67090528848628,9.980389760075798,4.22914337246327,,0,normal,conservative
1163,3.937049161290278,60.50659506055927,12.72293500562217,8.308938782200281,0.0,1,aggressive,normal
1166,0.0,69.40057826203852,9.535680681508179,4.179110567700704,,0,normal,conservative
3101,16.774134813445393,72.00524533027011,22.711860763876036,20.84312505936865,0.02315799202009019,22,aggressive,aggressive
3102,14.605273559883907,53.88984861379393,15.220187199664014,12.74251443952027,0.03371900356299466,41,aggressive,aggressive
3103,13.66985282032849,46.22555532836922,12.317058434759277,9.395254127348359,0.0329724713481202,44,normal,normal
3104,13.293816632911398,28.73608202422613,10.483895563673046,7.257664844096017,0.06250682882642107,45,normal,normal
3105,11.649715203234507,38.23735818847172,8.856791865508724,4.780333592875053,0.0964414080253955,51,normal,conservative
3106,7.989948326315795,31.974086813564714,15.036596038482633,10.731362498627709,0.031714969561103756,2,aggressive,normal
