tau_factor,demand,speed_med,ks_speed,thw_med,thw_p10,ks_thw,ks_sum
0.5,3600,0.0,0.5262702672832135,1.661066179462145,0.7598123470120158,0.16728688908425382,0.6935571563674673
0.5,4500,83.72393380795805,0.5610691897546625,1.3518705900915606,0.6856031539526604,0.10994841127073027,0.6710176010253928
0.6,3600,0.0,0.5245654618841578,1.740598259129579,0.8315510257517444,0.15391088194928704,0.6784763438334448
0.6,4500,0.0,0.6039075223039468,1.459359392596907,0.7829773899029285,0.05410754064433754,0.6580150629482844
0.7,3600,34.884077261252855,0.4052015436643041,1.6392657250282503,0.8462227043394812,0.11245019647526544,0.5176517401395695
0.7,4500,24.06998005151308,0.42914084256893104,1.5469799858280624,0.838936908666538,0.08905507758815848,0.5181959201570895
0.85,3600,15.420865054234202,0.4697744005762112,1.9215820314301566,1.0274532473277063,0.20587958738007262,0.6756539879562838
0.85,4500,17.645124641958702,0.46355262181320567,1.7394394464041651,0.8921120810921739,0.18356935729956536,0.647121979112771
1.0,3600,25.630438924115488,0.42001783430886563,2.1523528756932433,1.1498514156432313,0.3097233767796089,0.7297412110884746
1.0,4500,21.816704875549643,0.4357516920306985,1.9426316562375554,1.0146415766119101,0.2792755101733261,0.7150272022040246
