scenario,density,seed,vehicles,windows,auc_reference,auc_agent,auc_cons_vs_normal,auc_term_speed,auc_term_accel,auc_term_prox,auc_term_wave,auc_headway,median_score_conservative,median_score_normal,median_score_aggressive,share_aggressive_label_normal_drivers,noise1x_auc_reference,noise1x_auc_agent,noise1x_auc_cons_vs_normal,noise2x_auc_reference,noise2x_auc_agent,noise2x_auc_cons_vs_normal
highway,low,0,250,4056,0.8974108168966709,0.8899430751118876,0.6493202628539407,0.861773781382268,0.6769389967017668,0.6082267792239342,0.5343961103273006,0.8971375213731114,28.440557538735412,31.99210270950532,45.53480486365913,0.0,,,,,,
highway,low,1,249,4089,0.9015238095238095,0.8613067821067821,0.7152138452357271,0.8055688311688312,0.647317748917749,0.6524034632034632,0.5409916305916306,0.8944150072150072,27.72832678013322,32.33678654004552,45.62499973273934,0.0,,,,,,
highway,low,2,252,4160,0.8984885756709439,0.8826130798040911,0.6895290683983919,0.7895951067083306,0.7238287569532168,0.6375883695676262,0.5507944950468718,0.8927886000487556,26.89510701886686,31.027362102764638,45.746869310646815,0.0,,,,,,
highway,low,3,249,4158,0.9154138401337539,0.8887746742651015,0.7221121853972654,0.8128768245507124,0.6807809155176378,0.6180112369332146,0.5152749968191042,0.8988525336672716,26.437357331670068,31.43873005115253,45.88954373891451,0.0,,,,,,
highway,low,4,251,4147,0.8917544992355702,0.8817400491359287,0.7591049478636417,0.7732429992481477,0.7241579393095815,0.6646419757227146,0.5268914397833323,0.889890799730563,26.130620409243566,32.04556223258726,45.27542701229276,0.0004008016032064128,,,,,,
highway,low,5,248,4149,0.8904660686861493,0.8817634489973069,0.7438234062665913,0.7662161410225021,0.7100235927797192,0.6479651227492266,0.533782189677046,0.8864491753655768,25.524138925897795,31.5140157797394,44.94002293317248,0.0,,,,,,
highway,low,6,254,4123,0.9115962129550964,0.8890957859000567,0.6903229359414926,0.826037574055869,0.7047222671588452,0.6467587370936048,0.5591779501584346,0.907307562211455,27.68782714050925,31.68763387716919,46.25238773208723,0.0,,,,,,
highway,low,7,252,4080,0.8960549097566377,0.8842861959531753,0.7039417290271586,0.8400500900768239,0.7075077265053756,0.6115979681146159,0.5130837828409348,0.8875760598416308,27.119760104787822,31.76930512781711,45.28691329158561,0.0,,,,,,
highway,low,8,249,4173,0.8998998420586309,0.8622679720218146,0.6753044756741885,0.8014011105424488,0.654116656485777,0.6215686274509804,0.5280508274036531,0.8817332827040443,27.37290960734883,31.63872223194752,44.65891596133751,0.0007858546168958742,,,,,,
highway,low,9,248,4095,0.86695408370117,0.8422491620175534,0.7207361702879974,0.7753761641817466,0.6551172604398051,0.623284205958098,0.5362528051712225,0.8748422537302353,27.05768750085874,32.17218236167905,44.24837981091859,0.0,,,,,,
highway,medium,0,503,10083,0.8554030991499958,0.7514283822701844,0.7133373248659024,0.6590722595547317,0.6034521536995965,0.6930688426186457,0.5750285051180479,0.880859272990757,24.218784884048834,28.70531760382248,45.60777840923192,0.013725490196078431,0.8584074880938551,0.7707552123047628,0.712981647204743,,,
highway,medium,1,504,10157,0.8569585739612506,0.7539237127449218,0.7113833510711973,0.6065370481716961,0.6224336269692577,0.719518806695941,0.5968110823875434,0.8675132774511419,24.479723853046913,28.8338099513146,46.93607070743505,0.012944453547435687,0.857879114242264,0.7620983162508881,0.7162015929901092,,,
highway,medium,2,508,10311,0.8708907852112873,0.7600639520944729,0.736790379531463,0.6310474316013671,0.6152732843888867,0.7048424580296956,0.6053122194777896,0.8947598276861831,23.216336643327658,28.64361741272257,46.746991386551905,0.010792525773195876,0.8697569089246564,0.7714853088922043,0.7364455733973492,,,
highway,medium,3,506,10519,0.845950996588042,0.7406088567590032,0.7457954994803513,0.6322685798229706,0.5829626902163855,0.6830067701290997,0.5628971819095158,0.8765284713968885,22.791729563129184,29.833373251767032,47.706567380048384,0.022092472778917467,0.8479515281182255,0.755215175320167,0.7438861010607011,,,
highway,medium,4,505,10142,0.8537335942299227,0.7365716276260995,0.7265983516978398,0.6614283697701421,0.5816111796457513,0.692618605378658,0.6023264953058886,0.890427059149765,24.4859467959469,29.219356211337367,46.46493654275571,0.014386136995259114,0.8539046263582922,0.7553616360370524,0.7301064347105488,,,
highway,medium,5,503,12008,0.7726552763250775,0.7133279334327849,0.7161984299680548,0.5880607363506589,0.5915740345964196,0.6429715560613455,0.5783028418877633,0.8636342401674847,23.955768994090807,31.026516037807227,50.05880610316105,0.03594457401564,0.7747578334853985,0.7262471368140316,0.720667973310652,,,
highway,medium,6,506,12547,0.7745031369741884,0.7080773576431288,0.7283946849170876,0.5714154631072186,0.5870185762207532,0.6382394755802584,0.5897194794166772,0.8614453941920361,24.190948317108813,31.859976837775534,51.812874217047494,0.04028871391076116,0.7733184855544859,0.7177642359062953,0.7283928497126033,,,
highway,medium,7,508,10372,0.8774089655831125,0.7821722626663314,0.713411612605161,0.6202120597375581,0.6437930672980202,0.7297785033507181,0.6225726860433966,0.8935236682576783,24.184640663639946,28.755437607742014,48.72029343801819,0.013273628658244043,0.8772916259908833,0.7943829937178943,0.715662719663065,,,
highway,medium,8,504,11085,0.8040563302109675,0.7434830258455913,0.6900992279620306,0.6124619350357944,0.6017017190820482,0.670840011397229,0.601898313863067,0.8360947869549216,25.251250754792707,30.192478205557023,47.94532583200645,0.039790575916230364,0.8045187424946154,0.7579521080389441,0.6911297547297495,,,
highway,medium,9,502,10069,0.8993290673011747,0.7758349677837754,0.7251032663417011,0.6257737012601917,0.6146074545371728,0.7313209711905279,0.5994093429080786,0.9137030911971483,23.4230959856978,28.31244594042649,47.48916003712927,0.0103363412633306,0.9004309335492421,0.7954891340232744,0.7178414900305965,,,
jam,jam,0,940,28202,0.7399081324920282,0.6621578418100534,0.6563216911573249,0.48753160542177026,0.5337321042765036,0.6873904816132635,0.5859552171006728,0.7422052232279184,37.07338235714311,56.67298216625379,68.63385995926853,0.07005735690038628,,,,,,
jam,jam,1,955,27947,0.7195001484756947,0.6602631284618282,0.6931492388497134,0.5203041967813107,0.5376420732210029,0.6470013399100415,0.5956108286597664,0.7963307576038288,24.798220690250343,44.35902030279462,61.91494778633605,0.050559469539991714,,,,,,
jam,jam,2,945,26907,0.6892842553870991,0.6455797842143058,0.6942259361190023,0.5586445180657736,0.5323031801536207,0.6256628878871561,0.56613779768246,0.8271784323855864,23.265928698776516,39.01802674246081,57.30203344451053,0.06679812669460192,,,,,,
jam,jam,3,950,31169,0.7427314123305724,0.6471379987312026,0.6573895309654464,0.48341073425530057,0.5185731200180874,0.6775091947483655,0.6000943456159169,0.7499281585529204,32.423910464338604,51.382325349622775,66.96625960652281,0.0634650196997125,,,,,,
jam,jam,4,960,29272,0.7068816460989196,0.6576947629559134,0.6639942865124393,0.5410109217049981,0.5320633565960331,0.6356588860411847,0.5784941737566185,0.8103655208223426,26.71609212505884,45.31607955688419,61.3227953700003,0.06128691396474056,,,,,,
jam,jam,5,956,25802,0.7066370209822013,0.664086771866187,0.6584172553513762,0.5360526037518288,0.5299175681619993,0.6354102734081655,0.5524527138786395,0.7902894276178005,26.030115703750255,38.93246897762776,58.93294612675032,0.05485366008507396,,,,,,
jam,jam,6,961,27291,0.7131756049341125,0.6481084436543504,0.6902093333246214,0.5535622734429914,0.5126935961432336,0.634222896771964,0.5657374109795615,0.8404735413432209,24.32426243571611,38.15743582516487,56.844799445114646,0.0470226985369378,,,,,,
jam,jam,7,902,27185,0.6947939690578331,0.6581723168042778,0.7011750600543388,0.5444111594779781,0.5334622168611618,0.6283585384223284,0.5837544835405102,0.8095887325126863,24.800695865051345,47.257814124971716,61.65536553156127,0.06826230308951031,,,,,,
jam,jam,8,960,28753,0.7225251687598822,0.6785348104133185,0.6464577392981109,0.4954929247630604,0.5625154341640886,0.6576177778030314,0.5880271117726208,0.7650915101722671,29.1849789652303,46.83869190259199,64.5935320633032,0.05458742065781881,,,,,,
jam,jam,9,950,31356,0.7345988079197556,0.6694370198912923,0.673334854185823,0.49389137741725175,0.5393616582204165,0.665064491839363,0.5845483778375883,0.7640573482619758,29.622744259241955,49.05004789073853,65.69660598021714,0.05733326281271487,,,,,,
merge,medium,0,630,14742,0.7755546570332534,0.6933399076452738,0.6687784907459007,0.5441441573009743,0.5499291887692633,0.7288776610730147,0.5480148783411941,0.8820603669197092,18.49370146964157,25.201145569272793,50.764317056792464,0.029750370454804515,,,,,,
merge,medium,1,630,15167,0.7615191423273314,0.6881858599538723,0.7074622368311488,0.5153945658188742,0.5663343558282209,0.7098056427868696,0.555038556390698,0.8524630705782267,18.3463678568284,27.270092345617336,52.73293858987796,0.0363896218117854,,,,,,
merge,medium,2,632,16385,0.7497692311434804,0.6710967134242438,0.6754254945074557,0.5223693147805774,0.537163137801735,0.7007920392485395,0.5722993052012009,0.8424997922605044,19.351058135890483,29.557761205946587,54.43741556260707,0.03895839690774082,,,,,,
merge,medium,3,632,15383,0.7547207170061447,0.6835702732907001,0.6844684461548346,0.5473378802587829,0.5497967883109821,0.7024055488189241,0.5430232407768298,0.8648626479051482,19.282807560279384,27.73985325351922,52.53604918671439,0.042958656330749356,,,,,,
merge,medium,4,630,14975,0.7527922547014201,0.679972060068561,0.6791052994538774,0.5420442708600849,0.5526483748802647,0.6985716759043812,0.5744928923779253,0.8749356183631996,19.054554566144148,26.729525774193412,52.42514568775633,0.036892554614355776,,,,,,
merge,medium,5,628,14936,0.7583130647361688,0.686532564523093,0.663009646210487,0.5505167339703024,0.5561942930953405,0.7045376935772968,0.5532782610124931,0.8907065659029745,18.992428386987157,26.345292245006362,51.538077941925714,0.030846887268648347,,,,,,
merge,medium,6,625,11733,0.7546143705097377,0.6834683180176904,0.6566031961874178,0.5473780170981444,0.5563398764270704,0.7097749563485827,0.5683908691788725,0.8546596986375493,19.062090668798664,24.5495935960128,49.59432337646688,0.041064854148966295,,,,,,
merge,medium,7,631,15681,0.7223844652615145,0.6597135050741608,0.6648203298145694,0.5357726563054432,0.5437432048825491,0.6764375487900078,0.5432418565041516,0.8493195656802214,19.93192555071505,29.78952249406035,53.99647269937691,0.051628699169682775,,,,,,
merge,medium,8,629,16455,0.7338661691968961,0.6622290292919831,0.6470556514344171,0.5290011085909913,0.5403017696482948,0.6834575100114078,0.5373751591018008,0.8417021640830785,20.378982775268533,31.008544724737074,54.101298166309675,0.047784004075394806,,,,,,
merge,medium,9,633,15622,0.7750664049403545,0.689195425918115,0.6817581736329855,0.5275563919261398,0.5562761320744514,0.7212134583563155,0.5473977518935502,0.881045102725775,18.69648178108151,27.738176936781485,52.9023393723731,0.036572286572286575,,,,,,
roundabout,medium,0,193,2290,0.9201956916278703,0.8882711275940977,0.6379809055970975,0.42420579184092166,0.47716089323759175,0.9139556537520713,0.49319655961492936,0.9850611536337095,10.314738583244266,17.75565893251553,59.973096170349336,0.015742128935532233,,,,,,
roundabout,medium,1,194,2270,0.92318248583844,0.8914712095203008,0.6359306752919304,0.44130493888930894,0.47326075450024696,0.9147008335250499,0.5495200111973255,0.9900076740291227,10.831170159100791,22.087854511675204,60.48768062572375,0.012021036814425245,,,,,,
roundabout,medium,2,194,2299,0.9209327682881604,0.8902631136862859,0.636817262100657,0.41339055630746996,0.471439755809199,0.9145300499855781,0.48599484612873267,0.9849884782767179,10.309600795202059,18.347553557158008,60.31899890227661,0.01424287856071964,,,,,,
roundabout,medium,3,195,2286,0.9231634141533609,0.888903607332939,0.6260173732414314,0.42510546027991325,0.4610226690321309,0.9148890203035679,0.5433897102306328,0.9842176227084566,11.389254650427391,19.663178248072516,59.6140315152052,0.008988764044943821,,,,,,
roundabout,medium,4,193,2290,0.9203399802817798,0.8960690773781128,0.674683214558175,0.4203654231466463,0.48707025411061283,0.9142813980854244,0.4826638679515313,0.9760407721909486,9.083187927330231,19.526055623177307,60.31641193699433,0.014200298953662182,,,,,,
roundabout,medium,5,194,2288,0.9212530021163434,0.8898740498252233,0.6285523818486973,0.43886621063561637,0.4857539176132085,0.9143396136682493,0.534421889490413,0.9847020870157973,11.481367430155412,18.601108340962224,60.11875250525367,0.013382899628252789,,,,,,
roundabout,medium,6,192,2263,0.9064201697192097,0.8811080895121391,0.6392713076187521,0.4297762196520429,0.4944923167655057,0.8990793224337341,0.5106746174764916,0.9664575210510796,11.199762723281768,20.18222817115059,59.27385708213746,0.013564431047475508,,,,,,
roundabout,medium,7,195,2325,0.9169971818428855,0.88197478619561,0.6527450908847657,0.42608367758817045,0.45878407054247233,0.9113150687441034,0.5096803544221862,0.984565780916527,10.206732067301033,22.021911410266423,59.77096643843447,0.01177336276674025,,,,,,
roundabout,medium,8,193,2313,0.8950265749594448,0.8680266029822491,0.6418106319398188,0.44292377485856266,0.494177483988081,0.8880675785494774,0.4960254322517569,0.9654323140297727,10.402220029770783,20.294654832425444,58.89341428511785,0.017673048600883652,,,,,,
roundabout,medium,9,192,2286,0.9078979598414284,0.8807345215457505,0.6492082806893219,0.44847229832081736,0.47225158732716666,0.9076143359009895,0.39306249395687626,0.9868356592645116,9.815590064680649,19.45318791793413,59.09518456538464,0.01704966641957005,,,,,,
urban,medium,0,243,2888,0.8726798155716746,0.8627465419688992,0.708678352309377,0.48659233076000996,0.5982721095114777,0.8486065597244212,0.4532209498795161,0.928350945665648,8.045290731412727,12.827192692109591,53.733359138523696,0.013365735115431349,,,,,,
urban,medium,1,241,2791,0.8784744498685937,0.8632691011290843,0.720030445005167,0.4784479623616869,0.5842188736513354,0.8598517785166779,0.4814370340939807,0.9257644196793492,8.085466533920112,12.929897391336837,53.09000113924056,0.006285355122564425,,,,,,
urban,medium,2,242,2891,0.8936695040748277,0.8778559949158861,0.7004073151394228,0.4748269140283659,0.5979547440527477,0.8755441081514886,0.5270867578792564,0.9525930814497058,7.66787665495692,11.971966258667234,54.067393500035095,0.0102843315184513,,,,,,
urban,medium,3,242,2850,0.8881190852724854,0.8782423793625691,0.6820427874090061,0.4672812544451975,0.5983288149208023,0.8620932382793216,0.528290282902829,0.9363092100308759,8.062938400355076,11.97780503824599,54.020435795407565,0.010455104551045511,,,,,,
urban,medium,4,244,2860,0.8780508615666361,0.8603419212519771,0.7220560513964761,0.48470407059019394,0.5822525597269624,0.8442031549155082,0.5280191251144594,0.9358091234495963,7.988092565123232,12.187943088300223,53.35767043681898,0.009146341463414634,,,,,,
urban,medium,5,242,2894,0.8653096560919484,0.8549585199069735,0.7204608481237523,0.47299455031413795,0.5789745034742002,0.8328698343859048,0.5244163894861287,0.9278850767631847,7.755884140630631,12.790417806436343,54.10982672198632,0.010915706488781079,,,,,,
urban,medium,6,243,2862,0.8710454296661193,0.8626699928424066,0.7189952904238619,0.4910393246600143,0.5855521872763252,0.8496242263483643,0.5103164077302008,0.9263631005010315,7.636506784326183,12.822141672801916,53.17189939728407,0.015262515262515262,,,,,,
urban,medium,7,242,2851,0.8705233903628399,0.8553558145301264,0.7144230769230769,0.4696596826183982,0.5760228118026283,0.8494400363666419,0.4950502107612199,0.9275126043474667,7.91744038660177,12.330931709607809,53.32369489814458,0.011009174311926606,,,,,,
urban,medium,8,244,2884,0.8621047443382469,0.8523813153254778,0.6792611082419999,0.491392915758398,0.5835561449774648,0.824911713744201,0.5206475511044039,0.9200936977586723,8.35973130130604,12.392066318047727,53.6447268643015,0.007807807807807808,,,,,,
urban,medium,9,244,2835,0.8816370288936817,0.8668146457314054,0.7071689086775294,0.49545467896375495,0.5930956856689689,0.8545922113778837,0.5445253690385277,0.9334566259094839,7.732994570999651,12.147948248967664,52.251106617652155,0.007389162561576354,,,,,,
weather,medium,0,515,12864,0.835722525861906,0.8456650228221099,0.7578725327146777,0.6635056496263805,0.6003869134695503,0.7201965938710148,0.5682643348770565,0.856217982020427,15.767191767687393,21.49415857793729,40.34094596777314,0.005498721227621483,,,,0.8333299737278854,0.8482632811172903,0.7625436900085802
weather,medium,1,516,13203,0.8175452981818389,0.8293699070009246,0.7563150340263292,0.629175712438136,0.5880861721713001,0.712646808047789,0.5599377949716849,0.8706253961303606,16.13849336382303,22.760600617316573,43.13947849041174,0.015579846714411358,,,,0.8207579004408976,0.8398940003876728,0.7518286581315556
weather,medium,2,519,13576,0.8391239582451495,0.860218493510048,0.768549593023222,0.6133877531857914,0.6033638321245444,0.7328878257306113,0.6037619171410799,0.8844594511915705,15.670745364750267,22.494682640263644,45.21914776735553,0.008670167297594334,,,,0.8371353571594359,0.8627093094702942,0.7616028799905085
weather,medium,3,517,13268,0.8249994871056752,0.838239430055672,0.7622368912691493,0.665068644107178,0.589746625895741,0.7088170492212164,0.5691558437887043,0.8733272712185728,16.046873296585076,22.48314516404566,42.87461172224305,0.012703948187819156,,,,0.8213021739747581,0.8404158562256921,0.7588149153444456
weather,medium,4,516,13173,0.8463132318619163,0.8598508415621459,0.7656213568016903,0.6422097025449895,0.6036691556421518,0.7293963008827473,0.5956140114855342,0.8834598938919478,16.013473935203155,22.424791013821114,43.56243859027336,0.009438711301283665,,,,0.8438350169640523,0.864441196816192,0.7677952686827432
weather,medium,5,514,13713,0.7839123098819155,0.7998493726185872,0.7458242149572819,0.6215590154406536,0.6099146616284461,0.6808813195840333,0.5796191356045657,0.8453197868291907,15.962252610442407,22.606445742906256,42.18185356802789,0.015869170199878862,,,,0.7812659570035881,0.8032231350391008,0.7502405922220364
weather,medium,6,518,12794,0.8507485975235881,0.8632494554822414,0.7691274532776773,0.6672115085429803,0.6307078273283854,0.73014260416762,0.609759737258742,0.8658192132404755,15.337437797305748,21.523001762870642,41.86356509354681,0.006334022750775594,,,,0.8477478842115251,0.8642269698296509,0.7707531878959659
weather,medium,7,513,13647,0.8121421250588422,0.8323153691986278,0.7391905056678701,0.6165601241708951,0.6128883390824232,0.7015484118106405,0.6134422482142661,0.8690924559135857,16.067835296335772,22.419646389744262,44.43057371927708,0.014062310583100982,,,,0.8078567033638335,0.8336255107230424,0.736097483251304
weather,medium,8,516,13679,0.8107720422436232,0.8248530695834766,0.74984074967329,0.6194569240659002,0.6006376991862947,0.7074729011298638,0.5808565583184137,0.8737167586643649,16.062278334643825,22.850765344679935,43.4665236906354,0.01332848661092936,,,,0.8096895923284856,0.8300983157405483,0.752371280675744
weather,medium,9,515,13811,0.8137896040110272,0.8303597720930107,0.7690640348384312,0.6033724846655245,0.6083577570852359,0.7102915914238861,0.5845731828747882,0.8701711309322797,15.699387084537076,23.44075042563238,45.798011316326935,0.013464775186342872,,,,0.8088262519759534,0.8335589137193032,0.765605052058564
