truth,conservative,normal,aggressive,scenario,density,seed
conservative,43,7,0,highway,low,0
normal,100,49,0,highway,low,0
aggressive,2,47,0,highway,low,0
conservative,49,1,0,highway,low,1
normal,102,47,0,highway,low,1
aggressive,1,47,0,highway,low,1
conservative,48,2,0,highway,low,2
normal,107,43,0,highway,low,2
aggressive,3,45,0,highway,low,2
conservative,46,3,0,highway,low,3
normal,111,38,0,highway,low,3
aggressive,2,46,0,highway,low,3
conservative,47,3,0,highway,low,4
normal,95,54,0,highway,low,4
aggressive,4,45,0,highway,low,4
conservative,47,2,0,highway,low,5
normal,104,44,0,highway,low,5
aggressive,1,47,0,highway,low,5
conservative,45,6,0,highway,low,6
normal,105,47,0,highway,low,6
aggressive,1,49,0,highway,low,6
conservative,48,2,0,highway,low,7
normal,104,47,0,highway,low,7
aggressive,2,48,0,highway,low,7
conservative,44,5,0,highway,low,8
normal,106,43,0,highway,low,8
aggressive,1,47,0,highway,low,8
conservative,45,4,0,highway,low,9
normal,100,46,0,highway,low,9
aggressive,5,43,0,highway,low,9
conservative,99,1,0,highway,medium,0
normal,248,52,0,highway,medium,0
aggressive,4,94,0,highway,medium,0
conservative,99,2,0,highway,medium,1
normal,248,54,0,highway,medium,1
aggressive,3,96,0,highway,medium,1
conservative,100,0,0,highway,medium,2
normal,264,38,0,highway,medium,2
aggressive,3,97,0,highway,medium,2
conservative,99,2,0,highway,medium,3
normal,200,104,0,highway,medium,3
aggressive,2,98,0,highway,medium,3
conservative,99,2,0,highway,medium,4
normal,246,55,0,highway,medium,4
aggressive,2,98,0,highway,medium,4
conservative,84,15,0,highway,medium,5
normal,147,152,0,highway,medium,5
aggressive,2,97,0,highway,medium,5
conservative,88,13,0,highway,medium,6
normal,123,177,0,highway,medium,6
aggressive,1,97,0,highway,medium,6
conservative,101,0,0,highway,medium,7
normal,245,57,0,highway,medium,7
aggressive,5,94,0,highway,medium,7
conservative,84,17,0,highway,medium,8
normal,176,127,0,highway,medium,8
aggressive,1,98,0,highway,medium,8
conservative,98,2,0,highway,medium,9
normal,259,41,0,highway,medium,9
aggressive,2,96,0,highway,medium,9
conservative,88,100,0,jam,jam,0
normal,145,411,1,jam,jam,0
aggressive,2,168,13,jam,jam,0
conservative,119,73,0,jam,jam,1
normal,144,422,0,jam,jam,1
aggressive,5,175,7,jam,jam,1
conservative,120,67,0,jam,jam,2
normal,180,378,0,jam,jam,2
aggressive,7,174,3,jam,jam,2
conservative,85,104,0,jam,jam,3
normal,103,457,0,jam,jam,3
aggressive,4,174,5,jam,jam,3
conservative,112,78,0,jam,jam,4
normal,183,392,0,jam,jam,4
aggressive,2,180,8,jam,jam,4
conservative,114,75,0,jam,jam,5
normal,196,372,0,jam,jam,5
aggressive,4,181,3,jam,jam,5
conservative,126,65,0,jam,jam,6
normal,178,400,0,jam,jam,6
aggressive,3,185,1,jam,jam,6
conservative,96,83,0,jam,jam,7
normal,103,429,2,jam,jam,7
aggressive,1,170,5,jam,jam,7
conservative,105,86,0,jam,jam,8
normal,167,403,0,jam,jam,8
aggressive,7,175,6,jam,jam,8
conservative,95,94,0,jam,jam,9
normal,116,446,0,jam,jam,9
aggressive,9,173,5,jam,jam,9
conservative,113,11,0,merge,medium,0
normal,273,104,0,merge,medium,0
aggressive,4,120,0,merge,medium,0
conservative,117,8,0,merge,medium,1
normal,228,148,0,merge,medium,1
aggressive,4,119,0,merge,medium,1
conservative,97,29,0,merge,medium,2
normal,179,198,0,merge,medium,2
aggressive,4,121,0,merge,medium,2
conservative,107,19,0,merge,medium,3
normal,208,168,0,merge,medium,3
aggressive,2,123,0,merge,medium,3
conservative,105,20,0,merge,medium,4
normal,211,164,0,merge,medium,4
aggressive,1,123,0,merge,medium,4
conservative,99,25,0,merge,medium,5
normal,232,141,0,merge,medium,5
aggressive,4,119,0,merge,medium,5
conservative,91,34,0,merge,medium,6
normal,236,136,0,merge,medium,6
aggressive,5,119,0,merge,medium,6
conservative,95,32,0,merge,medium,7
normal,199,178,0,merge,medium,7
aggressive,4,119,0,merge,medium,7
conservative,92,33,0,merge,medium,8
normal,182,192,0,merge,medium,8
aggressive,2,121,0,merge,medium,8
conservative,113,12,0,merge,medium,9
normal,223,154,0,merge,medium,9
aggressive,2,122,0,merge,medium,9
conservative,35,1,0,roundabout,medium,0
normal,100,18,0,roundabout,medium,0
aggressive,0,36,0,roundabout,medium,0
conservative,36,0,0,roundabout,medium,1
normal,92,25,0,roundabout,medium,1
aggressive,0,37,0,roundabout,medium,1
conservative,36,0,0,roundabout,medium,2
normal,92,25,0,roundabout,medium,2
aggressive,0,36,0,roundabout,medium,2
conservative,36,0,0,roundabout,medium,3
normal,98,20,0,roundabout,medium,3
aggressive,0,37,0,roundabout,medium,3
conservative,36,0,0,roundabout,medium,4
normal,97,21,0,roundabout,medium,4
aggressive,0,36,0,roundabout,medium,4
conservative,36,0,0,roundabout,medium,5
normal,105,11,0,roundabout,medium,5
aggressive,0,36,0,roundabout,medium,5
conservative,36,0,0,roundabout,medium,6
normal,102,15,0,roundabout,medium,6
aggressive,1,35,0,roundabout,medium,6
conservative,37,0,0,roundabout,medium,7
normal,95,24,0,roundabout,medium,7
aggressive,0,37,0,roundabout,medium,7
conservative,36,0,0,roundabout,medium,8
normal,95,23,0,roundabout,medium,8
aggressive,0,36,0,roundabout,medium,8
conservative,36,0,0,roundabout,medium,9
normal,97,21,0,roundabout,medium,9
aggressive,0,36,0,roundabout,medium,9
conservative,48,0,0,urban,medium,0
normal,127,15,0,urban,medium,0
aggressive,5,44,0,urban,medium,0
conservative,48,0,0,urban,medium,1
normal,130,11,0,urban,medium,1
aggressive,1,48,0,urban,medium,1
conservative,48,0,0,urban,medium,2
normal,135,6,0,urban,medium,2
aggressive,2,47,0,urban,medium,2
conservative,48,0,0,urban,medium,3
normal,127,13,0,urban,medium,3
aggressive,1,47,0,urban,medium,3
conservative,49,0,0,urban,medium,4
normal,126,14,0,urban,medium,4
aggressive,3,46,0,urban,medium,4
conservative,48,0,0,urban,medium,5
normal,127,12,0,urban,medium,5
aggressive,7,41,0,urban,medium,5
conservative,48,0,0,urban,medium,6
normal,128,13,0,urban,medium,6
aggressive,2,47,0,urban,medium,6
conservative,48,0,0,urban,medium,7
normal,128,13,0,urban,medium,7
aggressive,3,45,0,urban,medium,7
conservative,48,0,0,urban,medium,8
normal,126,13,0,urban,medium,8
aggressive,6,43,0,urban,medium,8
conservative,48,0,0,urban,medium,9
normal,130,11,0,urban,medium,9
aggressive,2,48,0,urban,medium,9
conservative,103,0,0,weather,medium,0
normal,299,9,0,weather,medium,0
aggressive,25,78,0,weather,medium,0
conservative,103,0,0,weather,medium,1
normal,301,7,0,weather,medium,1
aggressive,23,77,0,weather,medium,1
conservative,104,0,0,weather,medium,2
normal,308,1,0,weather,medium,2
aggressive,19,84,0,weather,medium,2
conservative,103,0,0,weather,medium,3
normal,297,11,0,weather,medium,3
aggressive,18,83,0,weather,medium,3
conservative,103,0,0,weather,medium,4
normal,302,7,0,weather,medium,4
aggressive,16,85,0,weather,medium,4
conservative,103,0,0,weather,medium,5
normal,296,13,0,weather,medium,5
aggressive,17,83,0,weather,medium,5
conservative,104,0,0,weather,medium,6
normal,307,4,0,weather,medium,6
aggressive,20,83,0,weather,medium,6
conservative,103,0,0,weather,medium,7
normal,296,11,0,weather,medium,7
aggressive,18,82,0,weather,medium,7
conservative,103,0,0,weather,medium,8
normal,291,18,0,weather,medium,8
aggressive,16,87,0,weather,medium,8
conservative,103,0,0,weather,medium,9
normal,294,13,0,weather,medium,9
aggressive,16,84,0,weather,medium,9
