environment,alpha,auc_planted_fit,auc_planted_check,auc_uah,density_rise_normal,auc_fit_mean
highway,0.0,0.7894577206811169,0.7957046419172427,0.7461772962579765,-1.6417762087368288,0.7678175084695467
highway,0.1,0.8070942622040593,0.8120124015086141,0.750046907081093,0.16149853920006763,0.7785705846425761
highway,0.2,0.8258932034638912,0.8293312611954784,0.7541917061132882,2.122601536136287,0.7900424547885897
highway,0.3,0.8445001592145663,0.8459953294555541,0.7586206280366751,4.173683282974899,0.8015603936256207
highway,0.4,0.8606051774675811,0.8598841466838352,0.7632068003652498,6.362515677060792,0.8119059889164155
highway,0.5,0.8692852426512014,0.8660406509331463,0.7680681609029032,8.743362760601912,0.8186767017770523
highway,0.6,0.863939601431032,0.8590309357660918,0.7729339887816131,11.34733452681104,0.8184367951063225
highway,0.7,0.8466070553067032,0.8419995054781119,0.7779204348688478,13.12445513054341,0.8122637450877754
highway,0.8,0.8205041445169011,0.8169514629959738,0.782869355291208,14.29663817643111,0.8016867499040545
highway,0.9,0.7821021378627372,0.7792549330456826,0.7877459047884535,15.465802896707778,0.7849240213255954
highway,1.0,0.7499970926382156,0.7489426028813987,0.7923633485044236,16.546975508127744,0.7711802205713196
urban,0.0,0.9361970201673223,0.933280923594124,0.8725479744136461,,0.9043724972904842
urban,0.1,0.9380054546883377,0.9349684498639477,0.8744475673580151,,0.9062265110231764
urban,0.2,0.9391179609150354,0.9359154991941664,0.8763423144020159,,0.9077301376585256
urban,0.3,0.9399066697864287,0.9365276414351208,0.8783569974801319,,0.9091318336332803
urban,0.4,0.9398194366782682,0.9362779980606714,0.8805243264198488,,0.9101718815490585
urban,0.5,0.9384665939255645,0.9348775506933038,0.8826407734056988,,0.9105536836656316
urban,0.6,0.9355991576750097,0.932022167687599,0.8848202170963365,,0.9102096873856731
urban,0.7,0.929321258571285,0.9256893424967308,0.8870917328939717,,0.9082064957326283
urban,0.8,0.916835378644777,0.9129380624614896,0.8891379143244815,,0.9029866464846292
urban,0.9,0.9017048958887681,0.8972512954412603,0.891363394068618,,0.896534144978693
urban,1.0,0.8889658429293955,0.8840477517788097,0.8933768656716418,,0.8911713543005186
weather,0.0,0.8164231921538364,0.8417448630122953,,,0.8164231921538364
weather,0.1,0.8171987032404727,0.8419464115321376,,,0.8171987032404727
weather,0.2,0.8174441979068354,0.8417998941173674,,,0.8174441979068354
weather,0.3,0.8170882877958675,0.8412860246125218,,,0.8170882877958675
weather,0.4,0.8160711758621965,0.8403926672179338,,,0.8160711758621965
weather,0.5,0.8143052361465577,0.8390587400021362,,,0.8143052361465577
weather,0.6,0.8117976190033508,0.8373194347353494,,,0.8117976190033508
weather,0.7,0.8084724012158382,0.8351320746521731,,,0.8084724012158382
weather,0.8,0.8041690622732766,0.8320927295291528,,,0.8041690622732766
weather,0.9,0.7996724552986098,0.8287448742124706,,,0.7996724552986098
weather,1.0,0.7960425542868841,0.825873675135365,,,0.7960425542868841
