Epoch,Reward,Loss
1,-31.5,-0.9294247627258301
2,-42.0,-2.531336784362793
3,-34.0,-3.250182628631592
4,-45.0,-6.002011299133301
5,-37.5,-3.1226534843444824
6,-34.0,-1.6142628192901611
7,-31.5,-2.022864818572998
8,-40.5,6.317127227783203
9,-22.0,1.1615803241729736
10,-33.5,-9.057437896728516
11,-31.5,3.0185506343841553
12,-18.5,-10.977238655090332
13,-32.0,-3.452721118927002
14,-40.0,-10.625175476074219
15,-33.0,-9.844643592834473
16,-37.5,-6.16766357421875
17,-39.0,-7.128382682800293
18,-31.5,-10.207533836364746
19,-31.0,-6.638880252838135
20,-31.0,-0.8326488137245178
21,-32.5,-9.107486724853516
22,-30.5,-1.8218353986740112
23,-30.5,3.335026502609253
24,-31.0,-3.3670504093170166
25,-31.5,-2.664592981338501
26,-3.0,-24.3253231048584
27,-31.0,7.935243129730225
28,-1.5,-26.21231460571289
29,-1.0,-21.69112205505371
30,-1.0,-18.587011337280273
31,-1.5,-18.80437469482422
32,-30.5,7.057302474975586
33,-31.5,7.569969654083252
34,-0.5,-19.949962615966797
35,0.0,0.0
36,-30.0,-7.320558071136475
37,-30.0,1.73225998878479e-07
38,-30.0,-3.725290298461914e-08
39,0.0,0.0
40,0.0,0.0
41,-0.5,-12.310117721557617
42,-30.0,4.790490493178368e-07
43,-30.0,2.4437031242996454e-07
44,-30.0,-2.691522240638733e-07
45,-30.0,1.0011717677116394e-07
46,-30.0,-2.90211820602417
47,-30.0,-9.313225746154785e-10
48,-30.0,6.146728992462158e-08
49,0.0,0.0
50,-30.0,2.3888424038887024e-07
51,0.0,0.0
52,0.0,0.0
53,-30.0,3.152526915073395e-07
54,-30.0,6.891787052154541e-08
55,-30.0,11.696087837219238
56,-30.0,1.8370337784290314e-07
57,-30.0,-2.0209699869155884e-07
58,-30.0,7.216087818145752
59,-30.0,1.7229467630386353e-07
60,0.0,0.0
61,-30.0,9.384530130773783e-08
62,-30.0,3.958120942115784e-08
63,-30.0,-2.561137080192566e-08
64,-30.0,1.9976869225502014e-07
65,0.0,0.0
66,-30.0,1.0570511221885681e-07
67,-30.0,-10.739386558532715
68,0.0,0.0
69,-30.0,-3.119930624961853e-07
70,-30.0,-6.565824151039124e-08
71,-30.0,-1.3527460396289825e-07
72,-30.0,1.210719347000122e-07
73,-30.0,-1.234002411365509e-07
74,0.0,0.0
75,0.0,0.0
76,-30.0,-4.98257577419281e-08
77,-30.0,-8.393544703722e-08
78,-30.0,-4.7963112592697144e-08
79,-30.0,-4.889443516731262e-08
80,-30.0,-3.073364496231079e-08
81,-30.0,-7.869675755500793e-08
82,-30.0,6.756454240530729e-08
83,-30.0,-2.7939677238464355e-08
84,-30.0,-5.960464477539063e-08
85,0.0,0.0
86,-30.0,-6.705522537231445e-08
87,-30.0,3.958120942115784e-08
88,-30.0,7.235212251543999e-08
89,-30.0,-5.2852556109428406e-08
90,-30.0,-7.369089871644974e-08
91,0.0,0.0
92,-30.0,-4.470348358154297e-08
93,-30.0,1.0803341865539551e-07
94,-30.0,-1.955777406692505e-08
95,-30.0,-2.7474015951156616e-08
96,-30.0,1.2246891856193542e-07
97,-30.0,-3.3527612686157227e-08
98,0.0,0.0
99,-30.0,-10.64598560333252
100,-30.0,-1.4237593859434128e-07
101,0.0,0.0
102,-30.0,-5.098991096019745e-08
103,-30.0,1.4341683387756348
104,-30.0,4.330649971961975e-08
105,-30.0,-3.585591912269592e-08
106,-30.0,4.6566128730773926e-09
107,-30.0,1.0477378964424133e-08
108,0.0,0.0
109,-30.0,-8.66129994392395e-08
110,0.0,0.0
111,-30.0,-3.282912075519562e-08
112,-30.0,3.958120942115784e-09
113,-30.0,-9.313225746154785e-10
114,-30.0,-1.979060471057892e-08
115,-30.0,-2.9569491744041443e-08
116,-30.0,-2.0023435354232788e-08
117,-30.0,4.0046870708465576e-08
118,-30.0,3.678360371850431e-08
119,-30.0,-3.934837877750397e-08
120,-30.0,-7.532071322202682e-08
121,-30.0,5.238689482212067e-09
122,-30.0,1.8975697457790375e-08
123,-30.0,-2.468004822731018e-08
124,0.0,0.0
125,-30.0,2.4838063716888428
126,-30.0,1.3271346688270569e-08
127,0.0,0.0
128,0.0,0.0
129,-30.0,-1.6298145055770874e-08
130,-30.0,2.3923348635435104e-08
131,-30.0,-4.9476511776447296e-08
132,-30.0,-1.234002411365509e-08
133,-30.0,7.229391485452652e-08
134,-30.0,-5.634501576423645e-08
135,-30.0,1.0477378964424133e-09
136,0.0,0.0
137,0.0,0.0
138,-30.0,3.841705620288849e-09
139,-30.0,-1.6065314412117004e-08
140,0.0,0.0
141,-30.0,5.1979441195726395e-08
142,-30.0,4.502362571656704e-08
143,0.0,0.0
144,-30.0,8.149072527885437e-10
145,-30.0,-3.189779818058014e-08
146,-30.0,-2.2817403078079224e-08
147,-30.0,-1.0710209608078003e-08
148,0.0,0.0
149,-30.0,2.1711457520723343e-08
150,-30.0,9.313225746154785e-10
151,0.0,0.0
152,-30.0,4.2957253754138947e-08
153,-30.0,2.3632310330867767e-08
154,0.0,0.0
155,-30.0,3.958120942115784e-09
156,-30.0,-2.468004822731018e-08
157,0.0,0.0
158,-30.0,-6.030313670635223e-08
159,-30.0,3.573950380086899e-08
160,-30.0,1.5832483768463135e-08
161,-30.0,4.761386662721634e-08
162,-30.0,3.4924596548080444e-10
163,0.0,0.0
164,-30.0,-6.984919309616089e-09
165,-30.0,2.8405338525772095e-08
166,-30.0,5.180481821298599e-08
167,-30.0,-4.7963112592697144e-08
168,-30.0,-2.270098775625229e-08
169,-30.0,7.011112757027149e-08
170,-30.0,3.096647560596466e-08
171,0.0,0.0
172,-30.0,9.16188582777977e-08
173,-30.0,4.3422915041446686e-08
174,-30.0,7.916241884231567e-09
175,-30.0,-3.5390257835388184e-08
176,-30.0,-4.889443516731262e-08
177,0.0,0.0
178,-30.0,2.468004822731018e-08
179,-30.0,1.257285475730896e-08
180,-30.0,-3.4924596548080444e-09
181,-30.0,-1.0104849934577942e-07
182,-30.0,-1.0011717677116394e-08
183,-30.0,-6.379559636116028e-08
184,-30.0,-5.960464477539063e-08
185,0.0,0.0
186,-30.0,-3.0384398996829987e-08
187,-30.0,-6.402842700481415e-10
188,-30.0,8.034997940063477
189,-30.0,2.60770320892334e-08
190,0.0,0.0
191,-30.0,-5.192123353481293e-08
192,-30.0,1.1175870895385742e-08
193,-30.0,1.4435499906539917e-08
194,-30.0,5.3085386753082275e-08
195,-30.0,-1.6402918845415115e-07
196,0.0,0.0
197,-30.0,6.984919309616089e-10
198,0.0,0.0
199,-30.0,9.080395102500916e-09
200,0.0,0.0
201,-30.0,-3.096647560596466e-08
202,-30.0,7.62520357966423e-08
203,-30.0,1.3620592653751373e-07
204,-30.0,9.365612640976906e-08
205,-30.0,-8.638016879558563e-08
206,0.0,0.0
207,-30.0,1.1385418474674225e-07
208,-30.0,-4.959292709827423e-08
209,-30.0,-1.096632331609726e-07
210,0.0,0.0
211,0.0,0.0
212,-30.0,-1.9978705644607544
213,-30.0,0.15154124796390533
214,-30.0,9.132781997323036e-08
215,-30.0,4.423782229423523e-09
216,-30.0,-3.003515303134918e-08
217,-30.0,7.332243919372559
218,-30.0,-3.050081431865692e-08
219,-30.0,1.0477378964424133e-08
220,-30.0,3.7669570446014404
221,-30.0,3.119930624961853e-08
222,-30.0,-8.614733815193176e-08
223,-30.0,-5.8673322200775146e-08
224,-30.0,-0.10358762741088867
225,-30.0,1.0341016054153442
226,-30.0,4.058054447174072
227,-30.0,-1.2014061212539673e-07
228,-30.0,3.3993273973464966e-08
229,0.0,0.0
230,0.0,0.0
231,0.0,0.0
232,-30.0,-2.952292561531067e-07
233,-30.0,-5.345791578292847e-07
234,-30.0,-1.5087425708770752e-07
235,-30.0,-10.357865333557129
236,0.0,0.0
237,-30.0,-1.2540775537490845
238,0.0,0.0
239,-30.0,3.2084062695503235e-07
240,-30.0,2.860889196395874
241,0.0,0.0
242,-30.0,1.6239937394857407e-07
243,-30.0,-3.259629011154175e-07
244,-30.0,3.147174119949341
245,-30.0,-1.0570511221885681e-07
246,-30.0,-1.0710209608078003e-07
247,-30.0,1.6298145055770874e-07
248,-30.0,3.180466592311859e-07
249,-30.0,7.2177499532699585e-09
250,-30.0,8.800998330116272e-08
251,-30.0,1.1175870895385742e-08
252,0.0,0.0
253,-30.0,-4.41685152053833
254,-30.0,4.725379943847656
255,-30.0,1.6891863197088242e-07
256,0.0,0.0
257,0.0,0.0
258,-30.0,6.922988414764404
259,-30.0,-1.7974525690078735e-07
260,-30.0,4.4830498695373535
261,0.0,0.0
262,-30.0,1.1734664440155029e-07
263,0.0,0.0
264,-30.0,-6.565824151039124e-07
265,-30.0,2.8870999813079834e-08
266,0.0,0.0
267,0.0,0.0
268,0.0,0.0
269,-30.0,1.8440186977386475e-07
270,0.0,0.0
271,-30.0,-2.775341272354126e-07
272,-30.0,-2.952292561531067e-07
273,-30.0,-7.092556953430176
274,-30.0,-24.533924102783203
275,0.0,0.0
276,-30.0,-2.8219074010849e-07
277,-30.0,4.10713255405426e-07
278,0.0,0.0
279,-30.0,-9.118844985961914
280,0.0,0.0
281,0.0,0.0
282,-30.0,1.0058283805847168e-07
283,-30.0,8.847564458847046e-09
284,-30.0,2.5494955480098724e-08
285,-30.0,5.704350769519806e-09
286,-30.0,1.9208528101444244e-08
287,-30.0,-1.1135125532746315e-07
288,-30.0,6.01867213845253e-08
289,-30.0,1.8480932340025902e-08
290,-30.0,8.614269256591797
291,0.0,0.0
292,-30.0,1.594889909029007e-08
293,0.0,0.0
294,-30.0,3.003515303134918e-08
295,-30.0,3.5390257835388184e-08
296,-30.0,-1.4086253941059113e-08
297,-30.0,1.1757947504520416e-08
298,-30.0,-1.2689270079135895e-08
299,-30.0,3.504101186990738e-08
300,-30.0,6.28642737865448e-09
