Epoch,Reward
1,-12.900000000000007
2,60.49769845151616
3,123.86745735888941
4,53.25000000000001
5,3.830000000000023
6,-56.543748205701846
7,89.85324120764105
8,177.50000000000003
9,11.430000000000021
10,105.3707857891422
11,110.58440815762657
12,161.23
13,65.39
14,64.04813511815334
15,110.95975458642101
16,-105.56555134602283
17,102.6800000000001
18,143.52
19,186.45999999999995
20,153.63000000000005
21,97.1502657756224
22,165.4499999999999
23,160.4319015622315
24,60.34999999999999
25,109.96000000000004
26,147.8494046780598
27,182.36000000000007
28,78.48000000000009
29,185.60000000000002
30,174.6700000000001
31,182.47000000000006
32,178.3600000000001
33,110.33000000000011
34,187.62000000000006
35,170.65876823604788
36,177.77
37,37.417970880463265
38,44.36509255181323
39,46.04758452543038
40,165.60124667412282
41,126.7210356465073
42,130.81000000000003
43,161.28000000000003
44,178.93000000000004
45,105.07223186781528
46,183.54949856129267
47,83.96000000000005
48,136.51828555802192
49,159.96000000000004
50,183.97
51,181.91
52,156.23185908623566
53,124.08000000000008
54,156.38865948785136
55,157.27992872794852
56,175.06741567661481
57,187.68000000000012
58,182.09000000000006
59,190.14000000000001
60,75.24647657323726
61,186.08999999999997
62,182.66000000000003
63,122.58628129995748
64,177.74000000000007
65,79.16682926985567
66,190.09000000000006
67,189.48999999999995
68,180.89000000000013
69,163.18142776366295
70,162.0755367687697
71,182.20000000000007
72,121.66796935348884
73,152.34075376571073
74,192.44000000000014
75,155.19161446139782
76,155.63577250991136
77,175.66319578789037
78,129.94000000000008
79,155.968827476204
80,165.45999999999998
81,154.41767811917885
82,194.03999999999996
83,147.0325666854274
84,170.32153584941392
85,196.1200000000001
86,191.1700000000001
87,38.30401377547628
88,136.53606401587507
89,147.15000000000006
90,101.24227422996218
91,177.0500000000001
92,194.42000000000013
93,139.64807940988038
94,199.3700000000001
95,195.6800000000001
96,176.15845901809863
97,172.49000000000004
98,101.63210203181696
99,181.00000000000014
100,195.25
101,182.25000000000003
102,112.87893309891773
103,170.70488640049163
104,104.48587488277586
105,191.3200000000001
106,193.3000000000001
107,117.44805110153715
108,193.9000000000001
109,200.23000000000008
110,172.70662620405295
111,185.42762069080138
112,158.13086015010202
113,194.53000000000003
114,190.83
115,193.8600000000001
116,182.13000000000002
117,192.43000000000004
118,194.03637523644488
119,189.2700000000001
120,94.05674375011266
121,183.70000000000005
122,176.39080784957457
123,192.9700000000001
124,180.63331809951987
125,193.94000000000014
126,169.76554807222345
127,194.37999999999994
128,192.82000000000005
129,159.65717789770952
130,192.58000000000004
131,195.56
132,202.10999999999996
133,188.55000000000004
134,203.51000000000005
135,188.4
136,149.68162127341574
137,199.3800000000001
138,189.1700000000001
139,198.0300000000001
140,201.13000000000017
141,176.3730138471298
142,197.52000000000015
143,198.55000000000018
144,199.72000000000008
145,198.33000000000015
146,203.49000000000012
147,194.18
148,199.7900000000001
149,209.26
150,202.07
151,204.2600000000002
152,203.10000000000022
153,196.89000000000004
154,201.72000000000014
155,199.79000000000008
156,195.42000000000013
157,121.9482039365681
158,202.35764009448738
159,195.17000000000007
160,202.97000000000025
161,199.8100000000002
162,200.44000000000017
163,147.14256055253844
164,199.15000000000018
165,205.5000000000002
166,208.09000000000017
167,195.71000000000006
168,196.07000000000008
169,202.8300000000002
170,144.49310954672455
171,156.25438922352328
172,192.85000000000022
173,200.27000000000012
174,198.8500000000002
175,206.2200000000002
176,213.64000000000027
177,211.79000000000022
178,200.63000000000014
179,195.81000000000006
180,202.95000000000013
181,209.54000000000022
182,156.90234995329052
183,201.83000000000024
184,204.08000000000015
185,206.89000000000007
186,207.10000000000014
187,202.86000000000024
188,207.60000000000028
189,216.18000000000023
190,187.1355367687699
191,202.74000000000015
192,213.19000000000017
193,208.08000000000015
194,204.3000000000001
195,197.88000000000008
196,209.4900000000002
197,214.4100000000001
198,206.20000000000024
199,209.18000000000023
200,218.17000000000024
