source,rows,score,speed,accel,prox,wave
sumo urban,all rows,7.2123472356916585,5.331367621746552,1.530723774803396,0.35025583914171143,0.0
sumo urban,top 5%,16.41675113362241,4.699759094638309,7.5727722486062365,4.144219790377865,0.0
sumo highway,all rows,25.810716832926833,21.94263105918307,2.8354555744329146,1.0348152051703554,0.0
sumo highway,top 5%,40.768134648588386,20.63405945272851,7.936703897147449,12.24106991099122,0.0
legacy highway-env,all rows,33.53455419320988,11.379483793209877,17.56222222222222,1.0817370666666666,3.5111111111111115
legacy highway-env,top 5%,72.86720463333333,9.581283833333334,18.48,4.805920800000002,40.0
uah,all rows,38.79573363442925,20.241020159863783,0.8263234761416391,9.967316276175712,7.769182601205857
uah,top 5%,82.43196796949498,23.34747680360162,1.2034226895787241,46.58901694263565,11.454229112833765
ngsim us-101,all rows,47.917265380890576,5.381086465480454,1.950647938084782,29.595727857086086,11.064292104191034
ngsim us-101,top 5%,89.77411744298136,4.273178908307173,2.696095308085413,58.10858395753507,26.185971857014387
