proximity,labels,held_out_driver,n_aggressive,n_normal,original_auc,agent_auc
metres,trip,D1,247,418,0.6063285744726188,0.5848652732309242
metres,trip,D2,289,445,0.9225535554605186,0.8463745577543641
metres,trip,D3,295,445,0.8340201866311179,0.7259950485621787
metres,trip,D4,309,472,0.8806428610608305,0.7565273435357358
metres,trip,D5,241,453,0.8838723860295128,0.8301503118903025
metres,trip,D6,181,358,0.857001759313559,0.8298712923238372
metres,window,D1,95,418,0.4775623268698061,0.7930244270964493
metres,window,D2,194,445,0.9629908490675315,0.9261438665585544
metres,window,D3,125,444,0.882936936936937,0.8848828828828829
metres,window,D4,153,470,0.9116673619802531,0.8806702822973161
metres,window,D5,162,453,0.8996811380917341,0.8914643119941134
metres,window,D6,4,358,0.8114525139664804,0.45600558659217877
headway,trip,D1,247,418,0.5047265753636945,0.5416093601689169
headway,trip,D2,289,445,0.9041639127561136,0.8361650013607558
headway,trip,D3,295,445,0.8100628451723482,0.7069205865549419
headway,trip,D4,309,472,0.8598198124074379,0.7331056990839778
headway,trip,D5,241,453,0.8472974086999533,0.8262207688714243
headway,trip,D6,181,358,0.8481434612179388,0.830997870304639
headway,window,D1,95,418,0.3806849660035256,0.7164442205993452
headway,window,D2,194,445,0.9510135526468203,0.9227614965828796
headway,window,D3,125,444,0.8601981981981982,0.8668648648648649
headway,window,D4,153,470,0.8865109164233069,0.8492003893756084
headway,window,D5,162,453,0.8690894721063963,0.8786008230452675
headway,window,D6,4,358,0.7863128491620112,0.38058659217877094
