kind,level,driver,agent_auc,agent_window_acc,original_auc,original_window_acc
clean,0.0,D1,0.5827150688646534,0.7142857142857143,0.6052728434999903,0.6330827067669172
gaussian,1.0,D1,0.5792476221839102,0.5473684210526316,0.6126532747031362,0.6360902255639098
gaussian,2.0,D1,0.5883133487011604,0.45714285714285713,0.6007399802413653,0.6360902255639098
gaussian,4.0,D1,0.6203630164849001,0.37293233082706767,0.5843422505472367,0.5804511278195489
bias,1.0,D1,0.44961548147143715,0.4255639097744361,0.3643434128198671,0.6015037593984962
bias,2.0,D1,0.45269550394204133,0.3849624060150376,0.7121922398930709,0.6917293233082706
bias,4.0,D1,0.471863316738663,0.37142857142857144,0.41870387230498035,0.4631578947368421
drift,1.0,D1,0.5115742982778994,0.5157894736842106,0.5422679813261531,0.6
drift,2.0,D1,0.7162505084942759,0.46015037593984964,0.7416171086531197,0.6887218045112782
drift,4.0,D1,0.606251089630591,0.39398496240601505,0.49466323150533675,0.47218045112781953
colored,1.0,D1,0.5759835732134901,0.5488721804511278,0.5826278984173721,0.6345864661654136
colored,2.0,D1,0.563266373515681,0.48721804511278194,0.6114813164674661,0.6165413533834586
colored,4.0,D1,0.5611161691494101,0.4045112781954887,0.5787052282897158,0.6075187969924812
multiplicative,1.0,D1,0.6002653855839452,0.5413533834586466,0.603645661817407,0.637593984962406
multiplicative,2.0,D1,0.6836390756058346,0.4691729323308271,0.6012339461092924,0.6270676691729323
multiplicative,4.0,D1,0.6728977393797339,0.3924812030075188,0.5771749026596672,0.6195488721804512
spikes,1.0,D1,0.5757608042926603,0.6526315789473685,0.5955097534044902,0.631578947368421
spikes,2.0,D1,0.564864498382504,0.5729323308270676,0.597330647192143,0.6300751879699248
spikes,4.0,D1,0.580942603103268,0.48120300751879697,0.5920132499079868,0.6195488721804512
quantization,1.0,D1,0.5862406291769172,0.6842105263157895,0.6015196714642698,0.6360902255639098
quantization,2.0,D1,0.5873786877942002,0.6706766917293233,0.610619297599907,0.6390977443609023
quantization,4.0,D1,0.5819838056680162,0.6180451127819548,0.6034906921333514,0.6390977443609023
dropout,1.0,D1,0.5838870271003235,0.7022556390977444,0.5994808515584139,0.6330827067669172
dropout,2.0,D1,0.5807973190244659,0.706766917293233,0.5982507796912229,0.6330827067669172
dropout,4.0,D1,0.5797706448675978,0.7082706766917293,0.5925072157759138,0.6330827067669172
delay,1.0,D1,0.5831896635220735,0.6781954887218045,0.5884586327799625,0.631578947368421
delay,2.0,D1,0.5785793154214207,0.6766917293233082,0.5813590841291673,0.631578947368421
delay,4.0,D1,0.5824826143385701,0.6541353383458647,0.5897177614629138,0.6526315789473685
clean,0.0,D2,0.8354340811010459,0.8433242506811989,0.9222269740678822,0.7465940054495913
gaussian,1.0,D2,0.8295867190233661,0.7833787465940054,0.9196843046537848,0.7602179836512262
gaussian,2.0,D2,0.8365149099957233,0.6961852861035422,0.9131526768010575,0.8133514986376021
gaussian,4.0,D2,0.8192138719334396,0.41553133514986373,0.8970180008553322,0.8337874659400545
bias,1.0,D2,0.7639127561136815,0.7070844686648501,0.8036390498036624,0.6825613079019074
bias,2.0,D2,0.6742583880875549,0.4087193460490463,0.9479180436219432,0.8760217983651226
bias,4.0,D2,0.6357839897360134,0.39373297002724794,0.8044555032852533,0.6089918256130791
drift,1.0,D2,0.7584230784184129,0.7043596730245232,0.903876210100696,0.7901907356948229
drift,2.0,D2,0.7655689903191945,0.5408719346049047,0.899467361300105,0.8269754768392371
drift,4.0,D2,0.78164146028537,0.4427792915531335,0.8214144084600132,0.7425068119891008
colored,1.0,D2,0.8131798919171105,0.784741144414169,0.9170638777652502,0.773841961852861
colored,2.0,D2,0.785008358928502,0.7193460490463215,0.8991641071497998,0.8024523160762943
colored,4.0,D2,0.7124839625208973,0.494550408719346,0.8710664437619066,0.8106267029972752
multiplicative,1.0,D2,0.8405194199292407,0.7629427792915532,0.920244158469733,0.7574931880108992
multiplicative,2.0,D2,0.83099412931068,0.662125340599455,0.9189145056568563,0.771117166212534
multiplicative,4.0,D2,0.8010886046421212,0.4645776566757493,0.9130671435791765,0.8133514986376021
spikes,1.0,D2,0.8314062439251974,0.8147138964577657,0.9156409159830489,0.7561307901907357
spikes,2.0,D2,0.8182885579876366,0.7561307901907357,0.9198553710975468,0.7670299727520435
spikes,4.0,D2,0.8214377357023444,0.6648501362397821,0.9120873994012675,0.7997275204359673
quantization,1.0,D2,0.8351774814354029,0.8283378746594006,0.9215660355351658,0.7452316076294278
quantization,2.0,D2,0.8469188600754247,0.8188010899182562,0.9173593561681117,0.7275204359673024
quantization,4.0,D2,0.7946425100112748,0.8092643051771117,0.9206834882003032,0.6880108991825613
dropout,1.0,D2,0.8374479996889701,0.8487738419618529,0.924536371058668,0.7493188010899182
dropout,2.0,D2,0.8346876093464485,0.8365122615803815,0.9264492049298239,0.7506811989100818
dropout,4.0,D2,0.8219587107810739,0.8351498637602179,0.9161463395668908,0.7588555858310627
delay,1.0,D2,0.839220870106139,0.8215258855585831,0.9269079740290035,0.7615803814713896
delay,2.0,D2,0.8413592006531628,0.8174386920980926,0.9288441351424905,0.7683923705722071
delay,4.0,D2,0.8393219548229074,0.8051771117166212,0.9201975039850706,0.7724795640326976
clean,0.0,D3,0.7212035802704246,0.8,0.8319405827461436,0.6743243243243243
gaussian,1.0,D3,0.7159093505998857,0.6932432432432433,0.829320129499143,0.6972972972972973
gaussian,2.0,D3,0.7250428489811465,0.6445945945945946,0.8211616834888593,0.7324324324324324
gaussian,4.0,D3,0.7387088173681203,0.5054054054054054,0.8028565987430966,0.745945945945946
bias,1.0,D3,0.5872252904208722,0.5905405405405405,0.6807084364882879,0.6243243243243243
bias,2.0,D3,0.6692744239192535,0.577027027027027,0.8790249476290231,0.8121621621621622
bias,4.0,D3,0.6199428680251381,0.3878378378378378,0.7287678537421444,0.5878378378378378
drift,1.0,D3,0.6978327937535708,0.65,0.8141230241858693,0.7189189189189189
drift,2.0,D3,0.7353494572462388,0.5486486486486486,0.7997143401256903,0.7567567567567568
drift,4.0,D3,0.7029137307179585,0.4540540540540541,0.7473547895638926,0.6891891891891891
colored,1.0,D3,0.694587697581413,0.7351351351351352,0.8208265092363359,0.6918918918918919
colored,2.0,D3,0.690443725004761,0.6513513513513514,0.8160426585412303,0.7202702702702702
colored,4.0,D3,0.668520281851076,0.5297297297297298,0.7796838697390973,0.7378378378378379
multiplicative,1.0,D3,0.7158941154065892,0.6527027027027027,0.8295867453818321,0.6851351351351351
multiplicative,2.0,D3,0.7243953532660445,0.6283783783783784,0.827011997714721,0.6918918918918919
multiplicative,4.0,D3,0.7061207389068749,0.47702702702702704,0.8200495143782137,0.7351351351351352
spikes,1.0,D3,0.7097390973147972,0.745945945945946,0.8240411350219006,0.6837837837837838
spikes,2.0,D3,0.7168691677775662,0.6878378378378378,0.8304856217863265,0.6945945945945946
spikes,4.0,D3,0.7244258236526376,0.6418918918918919,0.8270653208912588,0.7081081081081081
quantization,1.0,D3,0.7340468482193868,0.7810810810810811,0.8322643306036945,0.6716216216216216
quantization,2.0,D3,0.7215082841363549,0.777027027027027,0.8342182441439726,0.6472972972972973
quantization,4.0,D3,0.7174785755094267,0.777027027027027,0.8216492096743477,0.6283783783783784
dropout,1.0,D3,0.71798895448486,0.7986486486486486,0.8277280517996572,0.6743243243243243
dropout,2.0,D3,0.7199466768234623,0.7959459459459459,0.8270272329080175,0.6783783783783783
dropout,4.0,D3,0.705412302418587,0.7972972972972973,0.8128280327556656,0.677027027027027
delay,1.0,D3,0.7167091982479528,0.7783783783783784,0.8258693582174824,0.6851351351351351
delay,2.0,D3,0.710919824795277,0.7702702702702703,0.8153418396495905,0.677027027027027
delay,4.0,D3,0.7082612835650353,0.7554054054054054,0.799527709007808,0.6810810810810811
clean,0.0,D4,0.7476550929735066,0.8668373879641486,0.8798817947452142,0.7183098591549296
gaussian,1.0,D4,0.7388376940376282,0.7912932138284251,0.8794361252811146,0.734955185659411
gaussian,2.0,D4,0.7665103395315671,0.6606914212548015,0.8732584608633646,0.7669654289372599
gaussian,4.0,D4,0.7774738083484175,0.44174135723431496,0.8550477209149251,0.795134443021767
bias,1.0,D4,0.6471463441391038,0.6325224071702945,0.7435343645439088,0.6568501920614597
bias,2.0,D4,0.6192611485930558,0.48911651728553135,0.8995323898853601,0.8104993597951344
bias,4.0,D4,0.6769376337008393,0.39564660691421255,0.7759791015303604,0.6811779769526248
drift,1.0,D4,0.6817371510065273,0.6709346991037132,0.835835938785585,0.7208706786171575
drift,2.0,D4,0.689087268937524,0.5646606914212549,0.8682875322253305,0.8207426376440461
drift,4.0,D4,0.7216279962700894,0.4263764404609475,0.7964044758927102,0.7413572343149808
colored,1.0,D4,0.7372744226866327,0.8040973111395646,0.886710822225879,0.734955185659411
colored,2.0,D4,0.7136402281827656,0.676056338028169,0.8623772694860402,0.736235595390525
colored,4.0,D4,0.6275917393450716,0.5160051216389244,0.8206008995666721,0.7836107554417413
multiplicative,1.0,D4,0.7622181997696231,0.7439180537772087,0.8775780264384839,0.7298335467349552
multiplicative,2.0,D4,0.775094619055455,0.6414852752880922,0.8755073775437442,0.7439180537772087
multiplicative,4.0,D4,0.768231309308321,0.49167733674775926,0.8774957489989578,0.7618437900128041
spikes,1.0,D4,0.7361499643464429,0.8361075544174136,0.8719488782842412,0.7285531370038413
spikes,2.0,D4,0.7306442323514892,0.7580025608194623,0.8732036092370139,0.737516005121639
spikes,4.0,D4,0.7435137951840272,0.6811779769526248,0.8702416214140749,0.7413572343149808
quantization,1.0,D4,0.7521666392408535,0.8489116517285531,0.8775094619055455,0.7183098591549296
quantization,2.0,D4,0.7640557292523723,0.8220230473751601,0.8724459711480446,0.6709346991037132
quantization,4.0,D4,0.7366367725303056,0.7733674775928298,0.8815067741758543,0.6235595390524968
dropout,1.0,D4,0.7472917009489332,0.8655569782330346,0.8805400142614228,0.7157490396927016
dropout,2.0,D4,0.7419710931929132,0.8693982074263764,0.8792304316822994,0.7144686299615877
dropout,4.0,D4,0.737987493829192,0.8565941101152369,0.8811228127913993,0.7221510883482715
delay,1.0,D4,0.7493074982173221,0.8591549295774648,0.8821855630519445,0.7221510883482715
delay,2.0,D4,0.7503222533048105,0.8578745198463509,0.8842493554933903,0.7183098591549296
delay,4.0,D4,0.7511518841533652,0.8463508322663252,0.8753222533048105,0.7336747759282971
clean,0.0,D5,0.8235827539776318,0.8414985590778098,0.8834510364284209,0.7507204610951008
gaussian,1.0,D5,0.831331922728147,0.7636887608069164,0.8846692863620126,0.7478386167146974
gaussian,2.0,D5,0.8626766691398057,0.7132564841498559,0.8821869876251454,0.7622478386167147
gaussian,4.0,D5,0.8460058805748674,0.4783861671469741,0.8666153719326207,0.7406340057636888
bias,1.0,D5,0.7072169858847883,0.7161383285302594,0.7432148974563307,0.6642651296829971
bias,2.0,D5,0.713665466736281,0.5288184438040345,0.9430262061132332,0.8069164265129684
bias,4.0,D5,0.7346047099557583,0.3472622478386167,0.7588781108882233,0.6556195965417867
drift,1.0,D5,0.7109816529728046,0.6959654178674352,0.837056781438634,0.7363112391930836
drift,2.0,D5,0.8345103642842094,0.6181556195965417,0.8701144055764704,0.7536023054755043
drift,4.0,D5,0.6937704377455964,0.45677233429394815,0.7834354648127284,0.739193083573487
colored,1.0,D5,0.7754756212616672,0.7665706051873199,0.8759858206699459,0.7449567723342939
colored,2.0,D5,0.7823546114881885,0.723342939481268,0.8802359557766114,0.7492795389048992
colored,4.0,D5,0.7452850063660429,0.5432276657060519,0.8241231806399018,0.7492795389048992
multiplicative,1.0,D5,0.827475657900763,0.7507204610951008,0.8818663955373581,0.7521613832853026
multiplicative,2.0,D5,0.8532512617588598,0.7103746397694525,0.879384096800491,0.760806916426513
multiplicative,4.0,D5,0.8358843303747263,0.49135446685878964,0.8750698432762679,0.7507204610951008
spikes,1.0,D5,0.81855403808634,0.7982708933717579,0.8766453243933939,0.7507204610951008
spikes,2.0,D5,0.803284694933729,0.7636887608069164,0.8802267960026746,0.7507204610951008
spikes,4.0,D5,0.8044021873540161,0.6844380403458213,0.8772040706035376,0.7579250720461095
quantization,1.0,D5,0.8404092586994953,0.8328530259365994,0.8848524818407482,0.7521613832853026
quantization,2.0,D5,0.8247094061718557,0.8314121037463977,0.879819186062488,0.7492795389048992
quantization,4.0,D5,0.7871863922398395,0.8155619596541787,0.882910609766151,0.7103746397694525
dropout,1.0,D5,0.8236926712648732,0.8371757925072046,0.8844311322396563,0.7478386167146974
dropout,2.0,D5,0.8239033460654192,0.8357348703170029,0.8834327168805474,0.7521613832853026
dropout,4.0,D5,0.8265230414113379,0.8342939481268011,0.8809504181436802,0.7449567723342939
delay,1.0,D5,0.8298938382200727,0.8357348703170029,0.8849623991279896,0.7521613832853026
delay,2.0,D5,0.8390078132871681,0.8213256484149856,0.8805290685425884,0.7536023054755043
delay,4.0,D5,0.8331913568373133,0.8141210374639769,0.8658093118261841,0.7593659942363112
clean,0.0,D6,0.8208741010525016,0.8348794063079777,0.8516312231859008,0.712430426716141
gaussian,1.0,D6,0.8101021636470261,0.8608534322820037,0.8528349640421,0.725417439703154
gaussian,2.0,D6,0.8074786258835149,0.6957328385899815,0.8398716009753388,0.738404452690167
gaussian,4.0,D6,0.7754406000185191,0.49165120593692024,0.8128954597364116,0.7680890538033395
bias,1.0,D6,0.6965338436371493,0.6029684601113172,0.7190345381030279,0.699443413729128
bias,2.0,D6,0.6528750887373067,0.5677179962894249,0.9768357048057039,0.8181818181818182
bias,4.0,D6,0.9564029754004754,0.3525046382189239,0.8968255193061514,0.8051948051948052
drift,1.0,D6,0.6615327633568937,0.6753246753246753,0.8214451063304423,0.7458256029684601
drift,2.0,D6,0.7371523812463348,0.5974025974025974,0.8978517855489367,0.7847866419294991
drift,4.0,D6,0.8763387758881447,0.45454545454545453,0.7671841723509985,0.7884972170686456
colored,1.0,D6,0.7817216580758666,0.8274582560296846,0.8479737028920645,0.725417439703154
colored,2.0,D6,0.7217969690422544,0.7105751391465677,0.8318312293589308,0.7291280148423006
colored,4.0,D6,0.6501280903731597,0.5269016697588126,0.7952868915707275,0.7680890538033395
multiplicative,1.0,D6,0.8026482298836384,0.8181818181818182,0.8436680144448903,0.7161410018552876
multiplicative,2.0,D6,0.8033735609123739,0.7012987012987013,0.841492021358684,0.7291280148423006
multiplicative,4.0,D6,0.8034198586376122,0.5176252319109462,0.8457359795055402,0.7309833024118738
spikes,1.0,D6,0.7799469119417266,0.8089053803339518,0.8379888268156425,0.7198515769944341
spikes,2.0,D6,0.7408407666903299,0.7755102040816326,0.8436371492947313,0.7198515769944341
spikes,4.0,D6,0.7363961850674403,0.7105751391465677,0.8264143955060341,0.7309833024118738
quantization,1.0,D6,0.818173400413593,0.8274582560296846,0.8426803296398037,0.712430426716141
quantization,2.0,D6,0.8251026266242786,0.8311688311688312,0.8613537454859718,0.7012987012987013
quantization,4.0,D6,0.7955646779221581,0.8181818181818182,0.8663538998117226,0.6957328385899815
dropout,1.0,D6,0.8160591376277045,0.8330241187384044,0.843174172042347,0.712430426716141
dropout,2.0,D6,0.816105435352943,0.8293135435992579,0.8434828235439366,0.712430426716141
dropout,4.0,D6,0.8158276490015124,0.8385899814471243,0.8507052686811322,0.7105751391465677
delay,1.0,D6,0.8345164974227599,0.8385899814471243,0.860551251581839,0.712430426716141
delay,2.0,D6,0.8253341152504707,0.8385899814471243,0.8424797061637704,0.7161410018552876
delay,4.0,D6,0.8166764406308836,0.8293135435992579,0.8228803358128337,0.7105751391465677
