trip,seconds,windows,lane_coverage,leader_coverage
20151111125233-24km-D1-AGGRESSIVE-MOTORWAY,737,146,0.9728629579375848,0.37720488466757124
20151111132348-25km-D1-DROWSY-MOTORWAY,939,186,0.9755058572949947,0.3972310969116081
20151111123124-25km-D1-NORMAL-MOTORWAY,864,171,0.9733796296296297,0.5347222222222222
20151111134545-16km-D1-AGGRESSIVE-SECONDARY,515,101,0.9941747572815534,0.10485436893203884
20151111135612-13km-D1-DROWSY-SECONDARY,500,98,0.954,0.074
20151110175712-16km-D1-NORMAL1-SECONDARY,624,123,0.9919871794871795,0.6506410256410257
20151110180824-16km-D1-NORMAL2-SECONDARY,627,124,0.9904306220095693,0.532695374800638
20151120133502-26km-D2-AGGRESSIVE-MOTORWAY,854,169,0.9660421545667447,0.7435597189695551
20151120135152-25km-D2-DROWSY-MOTORWAY,927,184,0.9492988133764833,0.6548004314994607
20151120131714-26km-D2-NORMAL-MOTORWAY,933,185,0.9657020364415863,0.6409431939978564
20151120163350-16km-D2-AGGRESSIVE-SECONDARY,606,120,0.9983498349834984,0.9174917491749175
20151120164606-16km-D2-DROWSY-SECONDARY,635,125,0.9905511811023622,0.6456692913385826
20151120160904-16km-D2-NORMAL1-SECONDARY,640,126,0.9921875,0.003125
20151120162105-17km-D2-NORMAL2-SECONDARY,679,134,0.9911634756995582,0.2533136966126657
20151126134736-26km-D3-AGGRESSIVE-MOTORWAY,830,164,0.9493975903614458,0.6614457831325301
20151126113754-26km-D3-DROWSY-MOTORWAY,1007,200,0.8967229394240318,0.573982125124131
20151126110502-26km-D3-NORMAL-MOTORWAY,906,179,0.9525386313465783,0.38741721854304634
20151126130707-16km-D3-AGGRESSIVE-SECONDARY,666,131,0.9834834834834835,0.7987987987987988
20151126132013-17km-D3-DROWSY-SECONDARY,650,128,0.9815384615384616,0.015384615384615385
20151126124208-16km-D3-NORMAL1-SECONDARY,685,135,0.9854014598540146,0.1386861313868613
20151126125458-16km-D3-NORMAL2-SECONDARY,662,131,0.986404833836858,0.6510574018126888
20151204154908-25km-D4-AGGRESSIVE-MOTORWAY,933,185,0.9710610932475884,0.7888531618435155
20151204160823-25km-D4-DROWSY-MOTORWAY,1025,203,0.975609756097561,0.36585365853658536
20151204152848-25km-D4-NORMAL-MOTORWAY,993,197,0.9405840886203424,0.6354481369587109
20151203174324-16km-D4-AGGRESSIVE-SECONDARY,627,124,0.9760765550239234,0.8277511961722488
20151203175637-17km-D4-DROWSY-SECONDARY,682,135,0.9765395894428153,0.39589442815249265
20151203171800-16km-D4-NORMAL1-SECONDARY,715,141,0.9846153846153847,0.7006993006993008
20151203173103-17km-D4-NORMAL2-SECONDARY,680,134,0.9882352941176471,0.1264705882352941
20151209153137-25km-D5-AGGRESSIVE-MOTORWAY,795,157,0.969811320754717,0.5949685534591195
20151211160213-25km-D5-DROWSY-MOTORWAY,1091,217,0.9825847846012832,0.5022914757103575
20151209151242-25km-D5-NORMAL-MOTORWAY,921,182,0.9750271444082519,0.6254071661237784
20151211165606-12km-D5-AGGRESSIVE-SECONDARY,427,84,0.9929742388758782,0.6510538641686182
20151211170502-16km-D5-DROWSY-SECONDARY,696,138,0.9798850574712644,0.08764367816091954
20151211162829-16km-D5-NORMAL1-SECONDARY,686,136,0.9941690962099126,0.5568513119533528
20151211164124-17km-D5-NORMAL2-SECONDARY,683,135,0.9838945827232797,0.09077598828696926
20151221120051-26km-D6-AGGRESSIVE-MOTORWAY,915,181,0.9836065573770492,0.6688524590163935
20151217164730-25km-D6-DROWSY-MOTORWAY,1070,212,0.9448598130841122,0.40186915887850466
20151217162714-26km-D6-NORMAL-MOTORWAY,1022,203,0.9823874755381604,0.4070450097847358
20151221113846-16km-D6-DROWSY-SECONDARY,728,144,0.9697802197802198,0.08104395604395605
20151221112434-17km-D6-NORMAL-SECONDARY,785,155,0.9885350318471338,0.04203821656050955
