lanes,driver,original_auc,agent_auc,original_window_acc
every state,D1,0.605553726052341,0.585107413362261,0.606015037593985
every state,D2,0.9225924341977373,0.8461101823412776,0.8337874659400545
every state,D3,0.8320091411159779,0.7242277661397829,0.7797297297297298
every state,D4,0.8796898140529866,0.7551012012506171,0.7810499359795134
every state,D5,0.8836525514550301,0.8280893627545273,0.80835734870317
every state,D6,0.8520633352881262,0.8270008333590543,0.8014842300556586
detected only,D1,0.6063285744726188,0.5848652732309242,0.606015037593985
detected only,D2,0.9225535554605186,0.8463745577543641,0.832425068119891
detected only,D3,0.8340201866311179,0.7259950485621787,0.7824324324324324
detected only,D4,0.8806428610608305,0.7565273435357358,0.7836107554417413
detected only,D5,0.8838723860295128,0.8301503118903025,0.8097982708933718
detected only,D6,0.857001759313559,0.8298712923238372,0.8014842300556586
