road_type,density_bin,windows,speed_kmh,score,score_headway,prox_pts,share_aggressive
arterial,<10,1354,38.96870871584616,24.456642874575167,19.79560389065332,13.625061585422173,0.24963072378138848
arterial,10-20,3580,37.89625909270454,37.182370847538806,22.13922274271045,23.14339029605502,0.4410614525139665
arterial,20-40,8690,34.839393126421655,47.732210832322565,23.406896430952344,30.9904573259418,0.5834292289988493
arterial,40-60,3295,23.733412235087812,53.96439492420687,19.284069803147645,36.22956351439296,0.6555386949924128
arterial,>60,523,19.01219724397437,59.40010277298764,19.02570878787361,41.82228877887217,0.734225621414914
freeway,<10,6,12.040931214000008,14.197929439578129,11.974750085920874,15.856520544598494,0.3333333333333333
freeway,10-20,58,27.992710080001835,29.04007160142834,18.8675440008776,20.2967974881171,0.39655172413793105
freeway,20-40,7621,35.54658067200201,50.05660023411844,30.59621366494656,33.404327056051685,0.651489305865372
freeway,40-60,15630,26.841718223993972,57.15477181072774,28.653793287326618,41.12306288903796,0.7875239923224568
freeway,>60,1982,14.779620935996757,65.68363959605875,21.454404706559437,50.02065515230626,0.8995963673057518
pneuma (vehicles within 50 m),"(-0.001, 16.0]",41890,21.651223333333334,35.07845870021458,10.226418229656023,31.084360562807017,0.41391740272141325
pneuma (vehicles within 50 m),"(16.0, 24.0]",34244,20.559484999999995,47.787695271511694,15.686340954119636,40.86072193948076,0.5844819530428689
pneuma (vehicles within 50 m),"(24.0, 37.0]",37443,18.140476666666668,52.65441871837443,17.81007118662656,45.2150117519968,0.658974975295783
pneuma (vehicles within 50 m),"(37.0, 121.0]",36340,15.052971666666664,56.633027311694406,18.597043302411898,48.920362392179555,0.7228123280132086
