model,main2_speed,main2_lanes,main,ramp,speed_med,speed_p25,speed_p75,ks_speed,thw_med,ks_thw,ks_sum
IDM,29.06,5,4000,600,68.10218040569552,0.0,92.24783269267589,0.4623500350324498,2.7273294535672785,0.3757541865627928,0.8381042215952427
IDM,29.06,5,4000,1200,57.92700688147528,0.0,91.45218945293657,0.433013702120115,2.6991793601933196,0.3718940063997056,0.8049077085198206
IDM,29.06,5,5000,600,79.20263625093409,0.0,91.85829868351226,0.5380658388106299,2.4041824443988795,0.3127680456410273,0.8508338844516572
IDM,29.06,5,5000,1200,0.163827734587436,0.0,85.40389086841999,0.5207495256681033,2.2999539492173855,0.2882538226716354,0.8090033483397387
IDM,29.06,5,6000,600,44.88977420682051,0.0,84.34511402780794,0.4178625223997612,1.9979890403494496,0.209257756270115,0.6271202786698762
IDM,29.06,5,6000,1200,31.56500321445587,0.0,86.42719701375421,0.4384716142068512,2.1015894057080087,0.2419272202491917,0.680398834456043
IDM,29.06,5,7000,600,72.56120527158004,0.0,85.80308079191224,0.4834960823259571,1.8840438203029488,0.1711117653349195,0.6546078476608768
IDM,29.06,5,7000,1200,37.8441626159018,0.0,82.68410254970988,0.4248383626778217,1.782264740847365,0.1357388994233398,0.5605772621011615
IDM,29.06,5,8000,600,73.02097439901037,0.0,83.02950398224093,0.4990320907318654,1.6927940089230962,0.1068939368693728,0.6059260276012384
IDM,29.06,5,8000,1200,17.908684905677607,0.0,79.8683200601316,0.4629898083819212,1.6993342152882909,0.1096949588307547,0.5726847672126759
EIDM,29.06,5,6000,1200,90.90613971165828,81.22153448136784,100.24364530454208,0.850078288408066,1.895560698935722,0.2096836361854299,1.059761924593496
EIDM,29.06,5,7000,1200,88.03214270581466,79.08357570266165,97.05414153790386,0.8394658792769683,1.613276674454075,0.1368467708020845,0.9763126500790528
EIDM,29.06,5,8000,1200,86.36409983175373,77.14322389403324,94.63029427866684,0.8210021564714887,1.4669587792041552,0.085442412712404,0.9064445691838928
Krauss,29.06,5,6000,1200,88.86700514121712,78.0187376562912,97.29326203864149,0.8054303753432973,2.067803374016966,0.2417462597351498,1.047176635078447
Krauss,29.06,5,7000,1200,85.21645663006998,76.47300691852267,93.1500373883018,0.7837546381913711,1.7882449119933796,0.1763754497323804,0.9601300879237517
Krauss,29.06,5,8000,1200,86.44757742285611,77.9667990787969,93.08953036007829,0.8201797482274416,1.7926614299133512,0.1812079862107108,1.0013877344381523
Krauss,15.0,5,6000,1200,78.51926571452853,41.45253953073175,92.0763274926152,0.5542550547366007,1.9555855615936732,0.2101501737880399,0.7644052285246407
Krauss,15.0,5,7000,1200,81.3493979908279,65.90251188472014,90.80102803049436,0.6680758069060224,1.7216280294845316,0.161519896927954,0.8295957038339764
Krauss,15.0,5,8000,1200,82.97626548810783,69.20311399744293,91.17452713483004,0.704882944164924,1.7514755591834508,0.1650011344229179,0.869884078587842
EIDM,15.0,5,6000,1200,88.22202264890579,74.66636922928342,98.12453103532783,0.754168973475039,1.799676416429453,0.1870678360391221,0.9412368095141612
EIDM,15.0,5,7000,1200,84.14980098887511,71.15935436243288,94.305671929304,0.7316148363104739,1.608203402742436,0.1300683526521771,0.861683188962651
EIDM,15.0,5,8000,1200,83.32197008462325,68.60705703108272,92.9311275319929,0.6958741120127773,1.4559932577060943,0.0731561007230308,0.7690302127358081
Krauss,29.06,3,5000,1200,9.879879772939953,3.4302507851019417,33.058942443468695,0.6315086391347439,1.9372089859256296,0.2113012270804254,0.8428098662151693
Krauss,29.06,3,6000,1200,8.006305161089918,3.127969393587205,24.56402796879953,0.6692049776450826,1.99013096774267,0.2406409165992749,0.9098458942443576
Krauss,29.06,3,7000,1200,6.905842170383042,1.0270571791926388,20.62329741060172,0.6974289628220904,1.9230687861443525,0.2083939139365179,0.9058228767586084
EIDM,29.06,3,5000,1200,67.38474015681166,38.038442345026056,89.2438380901366,0.4429932547507507,1.4818031079247571,0.1059632939189609,0.5489565486697117
EIDM,29.06,3,6000,1200,32.07245977984508,14.531553688050344,59.96802916652614,0.366877833295453,1.4963807132542966,0.0571215892256478,0.4239994225211008
EIDM,29.06,3,7000,1200,20.628591555765873,7.727826659423693,42.57918548154099,0.5197315550835238,1.5755840885717165,0.0862691209344268,0.6060006760179506
EIDM,29.06,3,5250,1200,62.88898363236363,42.500694173033,87.05589642342217,0.4053757641683838,1.4419264801071296,0.09380964387651,0.4991854080448938
EIDM,29.06,3,5500,1200,42.41115528017332,19.351309658064267,73.41288730617546,0.2592568520966904,1.4975737546085015,0.0713931182426282,0.3306499703393187
EIDM,29.06,3,5750,1200,41.803316154347186,20.42890997783616,70.18571402644598,0.2590614767630712,1.4436238133809622,0.0631119743077819,0.3221734510708531
EIDM,29.06,4,6000,1200,88.0772577206086,76.67265288311347,97.18894272112777,0.7858674418067886,1.6798950140164515,0.1618583617993654,0.947725803606154
EIDM,29.06,4,7000,1200,66.56184879922104,50.556191630188025,87.29023412446274,0.43368652373508515,1.4265301922431928,0.06952394140479046,0.5032104651398757
